주문번호,환불일,환불금액
O0500843,2025-05-26,222900
O0100871,2025-01-20,177300
O0200867,2025-03-07,49600
O0500573,2025-06-03,49800
O0200650,2025-02-20,211800
O0300174,2025-03-13,68200
O0100458,2025-02-13,79200
O0500693,2025-05-14,287900
O0600140,2025-07-12,38000
O0400863,2025-04-26,255000
O0100587,2025-01-19,255700
O0600539,2025-06-12,224600
O0600187,2025-07-08,288200
O0200727,2025-02-24,182400
O0100019,2025-02-03,240600
O0200502,2025-03-18,239500
O0600082,2025-07-02,56500
O0600386,2025-07-10,288600
O0500158,2025-05-18,124300
O0100457,2025-01-15,39800
O0300310,2025-04-04,23000
O0300221,2025-03-21,190300
O0300830,2025-03-22,207700
O0500555,2025-06-07,286800
O0200837,2025-02-17,285500
O0300676,2025-04-07,54600
O0400179,2025-05-03,296100
O0500140,2025-06-10,23200
O0300176,2025-03-25,207400
O0200583,2025-03-08,19400
O0200068,2025-03-12,132700
O0500185,2025-05-24,33900
O0600897,2025-07-06,94600
O0600774,2025-07-10,265400
O0200738,2025-03-01,263700
O0400799,2025-04-14,216800
O0100756,2025-02-04,179400
O0100620,2025-01-31,24200
O0600870,2025-06-27,213900
O0300267,2025-03-22,250200
O0300237,2025-03-19,117700
O0100823,2025-01-18,72100
O0200572,2025-02-24,16100
O0600105,2025-07-16,264300
O0400512,2025-04-26,26200
O0600047,2025-06-17,248800
O0600948,2025-07-03,113300
O0100684,2025-02-10,74200
O0200418,2025-02-26,245600
O0100813,2025-01-31,21700
O0200655,2025-02-23,224800
O0400719,2025-04-14,281500
O0500329,2025-05-21,121600
O0400421,2025-04-19,293100
O0300697,2025-03-22,151700
O0600270,2025-07-08,282000
O0400367,2025-04-19,55500
O0400979,2025-04-17,239500
O0300123,2025-03-31,230900
O0400405,2025-05-03,80400
O0100913,2025-01-15,268300
O0500899,2025-05-27,15700
O0300576,2025-04-06,45900
O0600606,2025-06-21,175000
O0100582,2025-02-09,233600
O0600415,2025-06-18,176200
O0400444,2025-04-12,183200
O0200183,2025-02-27,294800
O0200203,2025-02-20,108300
O0300256,2025-03-20,151300
O0500053,2025-05-13,151800
O0400365,2025-04-29,118800
O0400596,2025-05-04,140100
O0500806,2025-06-06,278900
O0200184,2025-02-16,145200
O0400072,2025-04-17,298500
O0200380,2025-02-20,53300
O0600005,2025-07-12,165400
O0400711,2025-04-17,289700
O0200167,2025-02-27,211400
O0200903,2025-03-03,18100
O0300080,2025-03-29,7000
O0501005,2025-06-02,56200
O0200211,2025-03-04,26700
O0100999,2025-01-26,178500
O0600142,2025-07-19,32100
O0100730,2025-01-29,175900
O0300738,2025-03-21,192500
O0400671,2025-05-03,11100
O0500639,2025-05-26,203900
O0100436,2025-01-16,281800
O0300348,2025-03-26,113800
O0100274,2025-02-10,141900
O0300200,2025-03-27,87500
O0200249,2025-03-05,154700
O0300357,2025-04-09,32800
O0300181,2025-03-15,228800
O0400319,2025-04-28,228100
O0600030,2025-07-02,101800
O0500759,2025-06-01,166600
O0600517,2025-06-24,182300
O0100811,2025-02-12,77900
O0300051,2025-03-16,241300
O0200312,2025-02-17,17500
O0100586,2025-01-31,113600
O0600237,2025-07-03,20600
O0300831,2025-04-08,262400
O0400527,2025-05-11,99600
O0100889,2025-01-24,197700
O0100940,2025-01-26,188100
O0100661,2025-01-26,63400
O0200962,2025-02-27,275900
O0100847,2025-01-08,280300
O0200292,2025-03-03,117800
O0300726,2025-03-23,41100
O0100369,2025-01-21,52900
O0200776,2025-02-23,101600
O0200958,2025-02-22,244600
O0400541,2025-05-07,135700
O0500241,2025-06-17,74600
O0500986,2025-05-08,69100
O0500395,2025-05-31,52200
O0600997,2025-06-25,92500
O0500455,2025-06-11,23400
O0100911,2025-01-16,166900
O0200594,2025-02-18,239800
O0200491,2025-02-23,165400
O0400860,2025-04-12,194700
O0300494,2025-03-08,66100
O0501011,2025-05-25,15100
O0300085,2025-04-01,81100
O0200163,2025-02-13,132200
O0300501,2025-04-13,50300
O0500537,2025-05-18,144900
O0600370,2025-06-12,54400
O0400914,2025-05-05,164100
O0300195,2025-03-16,74200
O0100585,2025-01-28,188000
O0600403,2025-07-03,286000
O0100779,2025-01-30,290100
O0300804,2025-03-23,122900
O0500551,2025-05-23,116200
O0500552,2025-05-21,164200
O0600073,2025-07-14,239200
O0200053,2025-02-19,74400
O0600425,2025-07-02,89700
O0600884,2025-06-20,222600
O0200376,2025-03-04,121700
O0501019,2025-05-24,278700
O0400901,2025-04-14,67900
O0400556,2025-04-18,152000
O0400176,2025-04-24,164600
O0600531,2025-07-10,161100
O0300789,2025-04-14,120900
O0500048,2025-06-03,23000
O0600387,2025-07-03,147800
O0400416,2025-04-21,272700
O0300977,2025-03-30,24500
O0300163,2025-03-17,130200
O0600353,2025-07-09,194000
O0500130,2025-05-20,96800
O0600595,2025-07-01,296700
O0200166,2025-02-18,64000
O0600543,2025-06-16,284700
O0300216,2025-03-26,98200
O0200930,2025-02-24,298700
O0600711,2025-06-29,287100
O0600467,2025-07-06,21100
O0200413,2025-03-03,120900
O0500394,2025-05-18,239100
O0600585,2025-07-05,36400
O0400488,2025-04-18,79900
O0600183,2025-07-01,267000
O0200680,2025-02-13,52900
O0200774,2025-02-13,249700
O0600035,2025-06-26,96800
O0300075,2025-04-02,256700
O0400786,2025-05-06,139200
O0600042,2025-06-23,259000
O0500676,2025-05-21,273000
O0200523,2025-03-08,132400
O0400362,2025-05-04,204300
O0300691,2025-03-22,179800
O0600940,2025-06-20,57100
O0400917,2025-05-04,277300
O0500867,2025-05-31,282800
O0200336,2025-02-27,193100
O0500809,2025-05-26,178800
O0400259,2025-04-23,161800
O0400214,2025-04-25,203400
O0600780,2025-06-29,190300
O0100605,2025-01-30,45100
O0500621,2025-05-19,24800
O0200833,2025-02-09,97700
O0300987,2025-03-25,163200
O0200024,2025-02-22,167200
O0200771,2025-03-09,155400
O0400240,2025-04-28,250300
O0500725,2025-05-27,13300
O0300971,2025-04-09,61700
O0200490,2025-02-24,20800
O0100961,2025-01-23,173800
O0100434,2025-02-06,9800
O0600029,2025-07-07,39400
O0400470,2025-04-16,69200
O0200941,2025-02-22,150400
O0600382,2025-06-23,259200
O0500656,2025-06-07,133400
O0200627,2025-02-18,32300
O0500669,2025-05-14,33200
O0200896,2025-02-19,171100
O0400277,2025-05-04,96800
O0100305,2025-01-18,79400
O0600700,2025-07-04,256600
O0100602,2025-01-18,92300
O0100289,2025-02-07,195400
O0200153,2025-02-25,112600
O0100717,2025-01-31,192800
O0200743,2025-03-10,193400
O0600018,2025-07-04,29800
O0500795,2025-05-25,194300
O0300193,2025-03-26,183300
O0600259,2025-07-05,88500
O0600843,2025-07-05,195200
O0500766,2025-05-16,159900
O0300068,2025-03-29,254800
O0600056,2025-07-06,5500
O0100462,2025-02-07,244100
O0100205,2025-02-17,24600
O0400837,2025-04-25,174600
O0100924,2025-01-31,211000
O0100527,2025-01-16,45000
O0600637,2025-07-05,69500
O0500703,2025-06-09,196000
O0300065,2025-04-07,227400
O0100752,2025-01-13,258700
O0500786,2025-06-07,55200
O0400840,2025-04-25,45200
O0400186,2025-05-11,88500
O0300397,2025-03-28,140300
O0400054,2025-04-30,255000
O0500817,2025-06-06,132700
O0300409,2025-04-10,85600
O0100842,2025-01-28,159600
O0601012,2025-06-24,82500
O0600697,2025-07-16,10300
O0200515,2025-02-28,193500
O0500886,2025-06-11,234700
O0300568,2025-04-08,97700
O0500913,2025-05-13,41100
O0600519,2025-06-21,101200
O0200788,2025-02-24,233600
O0600292,2025-06-23,209500
O0600811,2025-06-09,179400
O0400604,2025-04-08,29200
O0100146,2025-01-26,71300
O0300505,2025-04-14,167600
O0600709,2025-06-18,277900
O0500220,2025-05-30,166500
O0100573,2025-02-03,228500
O0300024,2025-04-14,216600
O0400735,2025-04-21,114800
O0100128,2025-02-01,12800
O0300231,2025-03-11,167800
O0100870,2025-01-20,252100
O0500358,2025-05-18,136400
O0600907,2025-07-04,295500
O0100957,2025-01-19,5200
O0500049,2025-06-04,237900
O0200526,2025-02-28,286700
O0400388,2025-04-17,176800
O0400243,2025-04-14,230100
O0500317,2025-05-26,167700
O0400669,2025-04-24,153200
O0200221,2025-03-06,223900
O0300057,2025-04-10,176600
O0200442,2025-02-26,164700
O0100215,2025-02-02,84400
O0100449,2025-01-11,25200
O0500508,2025-05-30,32900
O0500761,2025-06-09,274000
O0300146,2025-04-15,53400
O0500239,2025-05-31,239600
O0200948,2025-03-02,43200
O0300112,2025-03-09,56900
O0200682,2025-02-17,90400
O0200576,2025-02-26,151800
O0300779,2025-03-15,108000
O0300519,2025-04-05,128600
