주문번호,반품일,사유
O0600005,2025-07-09,선물하려 했는데 필요 없어짐
O0200413,2025-03-01,전원이 안 켜집니다
O0300163,2025-03-12,박스가 찌그러져서 왔고 안에 제품도 깨져 있었어요
O0500395,2025-05-29,사이즈표대로 샀는데 작아요
O0600353,2025-07-05,주문한 색상이 아닌 다른 색이 왔어요
O0300267,2025-03-21,화면에 줄이 가 있음 불량인듯
O0400604,2025-04-06,받자마자 봉제선이 터져 있었습니다
O0200594,2025-02-16,전원이 안 켜집니다
O0100499,2025-01-28,전혀 다른 상품이 들어 있었습니다
O0100305,2025-01-14,배송이 늦어 여행 전에 못 받음
O0400840,2025-04-20,향이 너무 독해서 못 쓰겠어요
O0300576,2025-04-03,박스가 찌그러져서 왔고 안에 제품도 깨져 있었어요
O0500537,2025-05-17,생각보다 필요가 없어서요
O0600415,2025-06-13,행사 날짜 지나서 도착함 필요없음
O0200249,2025-03-01,받자마자 봉제선이 터져 있었습니다
O0600637,2025-07-01,사진이랑 실물 색이 너무 달라요
O0500867,2025-05-28,사진이랑 실물 색이 너무 달라요
O0400837,2025-04-23,사진이랑 실물 색이 너무 달라요
O0500394,2025-05-14,생각보다 필요가 없어서요
O0400405,2025-04-29,사진이랑 실물 색이 너무 달라요
O0600386,2025-07-05,주문한 색상이 아닌 다른 색이 왔어요
O0400470,2025-04-15,전혀 다른 상품이 들어 있었습니다
O0600370,2025-06-11,충동구매였습니다 죄송
O0400979,2025-04-12,설명에는 방수라더니 아님
O0500317,2025-05-22,받자마자 봉제선이 터져 있었습니다
O0100752,2025-01-09,생각보다 필요가 없어서요
O0100661,2025-01-24,생각보다 필요가 없어서요
O0600140,2025-07-07,받자마자 봉제선이 터져 있었습니다
O0200627,2025-02-17,향이 너무 독해서 못 쓰겠어요
O0300231,2025-03-07,너무 늦게 와서 이미 다른 데서 삼
O0600047,2025-06-15,사진이랑 실물 색이 너무 달라요
O0200650,2025-02-19,사진이랑 실물 색이 너무 달라요
O0100457,2025-01-14,충동구매였습니다 죄송
O0100215,2025-01-28,전혀 다른 상품이 들어 있었습니다
O0500703,2025-06-05,액체가 새서 다 젖어 있었음
O0500053,2025-05-12,사진이랑 실물 색이 너무 달라요
O0400786,2025-05-03,전혀 다른 상품이 들어 있었습니다
O0600403,2025-07-02,전원이 안 켜집니다
O0300676,2025-04-03,충동구매였습니다 죄송
O0600018,2025-07-02,지퍼가 고장난 채로 옴
O0400186,2025-05-10,액체가 새서 다 젖어 있었음
O0300519,2025-04-04,화면에 줄이 가 있음 불량인듯
O0300830,2025-03-21,액체가 새서 다 젖어 있었음
O0200833,2025-02-08,그냥 마음이 바뀌었어요
O0600357,2025-06-08,집에 같은 게 있었네요
O0400367,2025-04-18,화면에 줄이 가 있음 불량인듯
O0600183,2025-06-29,행사 날짜 지나서 도착함 필요없음
O0200053,2025-02-16,화면에 줄이 가 있음 불량인듯
O0100019,2025-02-02,충동구매였습니다 죄송
O0200896,2025-02-18,선물하려 했는데 필요 없어짐
O0400240,2025-04-23,행사 날짜 지나서 도착함 필요없음
O0500693,2025-05-11,주문한 색상이 아닌 다른 색이 왔어요
O0100205,2025-02-15,전혀 다른 상품이 들어 있었습니다
O0100586,2025-01-29,그냥 마음이 바뀌었어요
O0600382,2025-06-20,전혀 다른 상품이 들어 있었습니다
O0500358,2025-05-16,전원이 안 켜집니다
O0100911,2025-01-14,지퍼가 고장난 채로 옴
O0400179,2025-04-30,전혀 다른 상품이 들어 있었습니다
O0200376,2025-03-02,지퍼가 고장난 채로 옴
O0400274,2025-05-05,설명에는 방수라더니 아님
O0200788,2025-02-23,사이즈 M 시켰는데 XL 옴
O0300738,2025-03-20,전원이 안 켜집니다
O0400860,2025-04-10,전혀 다른 상품이 들어 있었습니다
O0100870,2025-01-18,선물하려 했는데 필요 없어짐
O0200576,2025-02-22,받자마자 봉제선이 터져 있었습니다
O0200418,2025-02-24,전원이 안 켜집니다
O0600940,2025-06-15,사이즈표대로 샀는데 작아요
O0100438,2025-01-20,설명에는 방수라더니 아님
O0200336,2025-02-24,전혀 다른 상품이 들어 있었습니다
O0300176,2025-03-20,박스가 찌그러져서 왔고 안에 제품도 깨져 있었어요
O0500455,2025-06-07,지퍼가 고장난 채로 옴
O0300501,2025-04-08,향이 너무 독해서 못 쓰겠어요
O0600467,2025-07-03,다른 데서 더 싸게 팔길래
O0400711,2025-04-16,행사 날짜 지나서 도착함 필요없음
O0300080,2025-03-26,생각보다 필요가 없어서요
O0300221,2025-03-20,일주일 넘게 걸려서 취소하려다 반품
O0300357,2025-04-08,집에 같은 게 있었네요
O0200948,2025-02-25,충동구매였습니다 죄송
O0300310,2025-04-01,배송이 늦어 여행 전에 못 받음
O0300237,2025-03-14,수량이 하나 모자랍니다
O0100434,2025-02-04,다른 데서 더 싸게 팔길래
O0400914,2025-05-03,수량이 하나 모자랍니다
O0200933,2025-02-18,향이 너무 독해서 못 쓰겠어요
O0100756,2025-01-31,충동구매였습니다 죄송
O0300348,2025-03-24,충동구매였습니다 죄송
O0300846,2025-03-19,충동구매였습니다 죄송
O0600056,2025-07-02,일주일 넘게 걸려서 취소하려다 반품
O0600884,2025-06-15,너무 늦게 와서 이미 다른 데서 삼
O0100347,2025-01-15,충동구매였습니다 죄송
O0501019,2025-05-23,너무 늦게 와서 이미 다른 데서 삼
O0200958,2025-02-17,전혀 다른 상품이 들어 있었습니다
O0100871,2025-01-16,사이즈표대로 샀는데 작아요
O0300779,2025-03-13,향이 너무 독해서 못 쓰겠어요
O0400527,2025-05-08,화면에 줄이 가 있음 불량인듯
O0600907,2025-06-30,전혀 다른 상품이 들어 있었습니다
O0200680,2025-02-11,행사 날짜 지나서 도착함 필요없음
O0500508,2025-05-28,배송이 늦어 여행 전에 못 받음
O0300065,2025-04-02,지퍼가 고장난 채로 옴
O0600142,2025-07-14,선물하려 했는데 필요 없어짐
O0100602,2025-01-15,그냥 마음이 바뀌었어요
O0300075,2025-03-31,수량이 하나 모자랍니다
O0500843,2025-05-22,화면에 줄이 가 있음 불량인듯
O0600517,2025-06-21,행사 날짜 지나서 도착함 필요없음
O0600697,2025-07-11,일주일 넘게 걸려서 취소하려다 반품
O0300174,2025-03-11,일주일 넘게 걸려서 취소하려다 반품
O0400421,2025-04-15,지퍼가 고장난 채로 옴
O0600870,2025-06-26,사진이랑 실물 색이 너무 달라요
O0400214,2025-04-22,너무 늦게 와서 이미 다른 데서 삼
O0601012,2025-06-21,박스가 찌그러져서 왔고 안에 제품도 깨져 있었어요
O0100582,2025-02-06,주문한 색상이 아닌 다른 색이 왔어요
O0600292,2025-06-20,재질이 생각보다 얇고 싸구려 같음
O0100274,2025-02-06,사이즈 M 시켰는데 XL 옴
O0500761,2025-06-08,배송이 늦어 여행 전에 못 받음
O0400054,2025-04-27,충동구매였습니다 죄송
O0100924,2025-01-29,배송이 늦어 여행 전에 못 받음
O0200727,2025-02-19,박스가 찌그러져서 왔고 안에 제품도 깨져 있었어요
O0200292,2025-02-28,전원이 안 켜집니다
O0300568,2025-04-05,액체가 새서 다 젖어 있었음
O0500158,2025-05-14,선물하려 했는데 필요 없어짐
O0600543,2025-06-12,설명에는 방수라더니 아님
O0600425,2025-06-30,재질이 생각보다 얇고 싸구려 같음
O0600780,2025-06-28,설명에는 방수라더니 아님
O0400719,2025-04-09,다른 데서 더 싸게 팔길래
O0500809,2025-05-21,전혀 다른 상품이 들어 있었습니다
O0501011,2025-05-23,그냥 마음이 바뀌었어요
O0100449,2025-01-10,설명에는 방수라더니 아님
O0300068,2025-03-28,박스가 찌그러져서 왔고 안에 제품도 깨져 있었어요
O0600073,2025-07-10,재질이 생각보다 얇고 싸구려 같음
O0500621,2025-05-17,집에 같은 게 있었네요
O0200163,2025-02-10,전원이 안 켜집니다
O0500786,2025-06-02,수량이 하나 모자랍니다
O0200583,2025-03-05,화면에 줄이 가 있음 불량인듯
O0300006,2025-03-17,생각보다 필요가 없어서요
O0400901,2025-04-11,박스가 찌그러져서 왔고 안에 제품도 깨져 있었어요
O0500886,2025-06-07,집에 같은 게 있었네요
O0500669,2025-05-12,그냥 마음이 바뀌었어요
O0400176,2025-04-22,일주일 넘게 걸려서 취소하려다 반품
O0500552,2025-05-17,재질이 생각보다 얇고 싸구려 같음
O0400735,2025-04-17,전혀 다른 상품이 들어 있었습니다
O0200903,2025-02-28,재질이 생각보다 얇고 싸구려 같음
O0300123,2025-03-29,다른 데서 더 싸게 팔길래
O0500220,2025-05-27,그냥 마음이 바뀌었어요
O0600897,2025-07-02,설명에는 방수라더니 아님
O0400671,2025-04-29,그냥 마음이 바뀌었어요
O0200930,2025-02-20,받자마자 봉제선이 터져 있었습니다
O0300697,2025-03-19,그냥 마음이 바뀌었어요
O0100779,2025-01-26,주문한 색상이 아닌 다른 색이 왔어요
O0200655,2025-02-20,주문한 색상이 아닌 다른 색이 왔어요
O0600030,2025-06-27,행사 날짜 지나서 도착함 필요없음
O0600029,2025-07-04,사이즈표대로 샀는데 작아요
O0100128,2025-01-31,일주일 넘게 걸려서 취소하려다 반품
O0600539,2025-06-11,사이즈 M 시켰는데 XL 옴
O0200523,2025-03-05,옆집 택배가 저한테 왔네요 상품이 다름
O0400669,2025-04-22,설명에는 방수라더니 아님
O0600948,2025-06-28,생각보다 필요가 없어서요
O0500913,2025-05-08,너무 늦게 와서 이미 다른 데서 삼
O0500551,2025-05-19,행사 날짜 지나서 도착함 필요없음
O0500639,2025-05-21,수량이 하나 모자랍니다
O0400277,2025-04-29,옆집 택배가 저한테 왔네요 상품이 다름
O0300146,2025-04-11,사이즈 M 시켰는데 XL 옴
O0200738,2025-02-28,수량이 하나 모자랍니다
O0500817,2025-06-04,너무 늦게 와서 이미 다른 데서 삼
O0300397,2025-03-25,전원이 안 켜집니다
O0500759,2025-05-29,지퍼가 고장난 채로 옴
O0600270,2025-07-04,주문한 색상이 아닌 다른 색이 왔어요
O0200166,2025-02-15,옆집 택배가 저한테 왔네요 상품이 다름
O0400512,2025-04-25,주문한 색상이 아닌 다른 색이 왔어요
O0100957,2025-01-16,향이 너무 독해서 못 쓰겠어요
O0100842,2025-01-23,주문한 색상이 아닌 다른 색이 왔어요
O0600709,2025-06-14,전원이 안 켜집니다
O0200771,2025-03-04,설명에는 방수라더니 아님
O0100369,2025-01-20,집에 같은 게 있었네요
O0300804,2025-03-18,액체가 새서 다 젖어 있었음
O0500656,2025-06-05,충동구매였습니다 죄송
O0200682,2025-02-14,사이즈표대로 샀는데 작아요
O0200312,2025-02-16,일주일 넘게 걸려서 취소하려다 반품
O0300193,2025-03-25,박스가 찌그러져서 왔고 안에 제품도 깨져 있었어요
O0200490,2025-02-23,그냥 마음이 바뀌었어요
O0100894,2025-02-11,그냥 마음이 바뀌었어요
O0400596,2025-05-01,배송이 늦어 여행 전에 못 받음
O0100999,2025-01-25,다른 데서 더 싸게 팔길래
O0300894,2025-03-25,받자마자 봉제선이 터져 있었습니다
O0400917,2025-05-01,사이즈표대로 샀는데 작아요
O0400362,2025-05-01,생각보다 필요가 없어서요
O0600843,2025-07-02,액체가 새서 다 젖어 있었음
O0600711,2025-06-27,행사 날짜 지나서 도착함 필요없음
O0100684,2025-02-06,생각보다 필요가 없어서요
O0100585,2025-01-27,화면에 줄이 가 있음 불량인듯
O0500899,2025-05-25,다른 데서 더 싸게 팔길래
O0100511,2025-01-10,전원이 안 켜집니다
O0200068,2025-03-07,박스가 찌그러져서 왔고 안에 제품도 깨져 있었어요
O0600259,2025-07-03,사이즈 M 시켰는데 XL 옴
O0100289,2025-02-03,일주일 넘게 걸려서 취소하려다 반품
O0400365,2025-04-25,전원이 안 켜집니다
O0400117,2025-04-22,일주일 넘게 걸려서 취소하려다 반품
O0300505,2025-04-10,충동구매였습니다 죄송
O0600187,2025-07-05,재질이 생각보다 얇고 싸구려 같음
O0200184,2025-02-13,박스가 찌그러져서 왔고 안에 제품도 깨져 있었어요
O0600595,2025-06-30,화면에 줄이 가 있음 불량인듯
O0200774,2025-02-12,생각보다 필요가 없어서요
O0500329,2025-05-17,향이 너무 독해서 못 쓰겠어요
O0100940,2025-01-24,다른 데서 더 싸게 팔길래
O0200203,2025-02-18,선물하려 했는데 필요 없어짐
O0600042,2025-06-22,옆집 택배가 저한테 왔네요 상품이 다름
O0300112,2025-03-08,옆집 택배가 저한테 왔네요 상품이 다름
O0500725,2025-05-22,옆집 택배가 저한테 왔네요 상품이 다름
O0100527,2025-01-14,재질이 생각보다 얇고 싸구려 같음
O0400541,2025-05-03,설명에는 방수라더니 아님
O0100961,2025-01-18,수량이 하나 모자랍니다
O0500239,2025-05-29,설명에는 방수라더니 아님
O0600519,2025-06-16,지퍼가 고장난 채로 옴
O0600082,2025-06-29,일주일 넘게 걸려서 취소하려다 반품
O0200515,2025-02-27,생각보다 필요가 없어서요
O0600105,2025-07-12,받자마자 봉제선이 터져 있었습니다
O0300494,2025-03-06,옆집 택배가 저한테 왔네요 상품이 다름
O0100847,2025-01-07,박스가 찌그러져서 왔고 안에 제품도 깨져 있었어요
O0200837,2025-02-16,주문한 색상이 아닌 다른 색이 왔어요
O0100913,2025-01-14,그냥 마음이 바뀌었어요
O0200867,2025-03-02,전혀 다른 상품이 들어 있었습니다
O0100730,2025-01-28,충동구매였습니다 죄송
O0600237,2025-06-30,생각보다 필요가 없어서요
O0300085,2025-03-28,화면에 줄이 가 있음 불량인듯
O0500140,2025-06-05,사이즈 M 시켰는데 XL 옴
O0500573,2025-06-02,박스가 찌그러져서 왔고 안에 제품도 깨져 있었어요
O0200502,2025-03-13,행사 날짜 지나서 도착함 필요없음
O0300181,2025-03-11,수량이 하나 모자랍니다
O0200776,2025-02-21,설명에는 방수라더니 아님
O0500766,2025-05-15,사이즈 M 시켰는데 XL 옴
O0300971,2025-04-04,수량이 하나 모자랍니다
O0500048,2025-06-01,옆집 택배가 저한테 왔네요 상품이 다름
O0400072,2025-04-13,액체가 새서 다 젖어 있었음
O0400444,2025-04-09,생각보다 필요가 없어서요
O0500795,2025-05-22,수량이 하나 모자랍니다
O0400855,2025-04-18,생각보다 필요가 없어서요
O0200211,2025-03-02,화면에 줄이 가 있음 불량인듯
O0100436,2025-01-14,설명에는 방수라더니 아님
O0200380,2025-02-19,전원이 안 켜집니다
O0100573,2025-01-30,사이즈 M 시켰는데 XL 옴
O0400189,2025-04-09,집에 같은 게 있었네요
O0300051,2025-03-12,사이즈 M 시켰는데 XL 옴
O0100811,2025-02-08,사이즈표대로 샀는데 작아요
O0300195,2025-03-14,충동구매였습니다 죄송
O0400319,2025-04-25,액체가 새서 다 젖어 있었음
O0600585,2025-06-30,선물하려 했는데 필요 없어짐
O0300024,2025-04-11,액체가 새서 다 젖어 있었음
O0100717,2025-01-28,사이즈표대로 샀는데 작아요
O0400388,2025-04-13,사진이랑 실물 색이 너무 달라요
O0300256,2025-03-18,전혀 다른 상품이 들어 있었습니다
O0200941,2025-02-20,배송이 늦어 여행 전에 못 받음
O0200526,2025-02-26,수량이 하나 모자랍니다
O0200024,2025-02-19,생각보다 필요가 없어서요
O0200153,2025-02-21,생각보다 필요가 없어서요
O0600035,2025-06-22,사이즈표대로 샀는데 작아요
O0600811,2025-06-08,받자마자 봉제선이 터져 있었습니다
O0300057,2025-04-09,설명에는 방수라더니 아님
O0100605,2025-01-29,행사 날짜 지나서 도착함 필요없음
O0300987,2025-03-23,일주일 넘게 걸려서 취소하려다 반품
O0500049,2025-05-31,지퍼가 고장난 채로 옴
O0500806,2025-06-02,재질이 생각보다 얇고 싸구려 같음
O0100587,2025-01-16,배송이 늦어 여행 전에 못 받음
O0300216,2025-03-21,사진이랑 실물 색이 너무 달라요
O0600531,2025-07-08,충동구매였습니다 죄송
O0300789,2025-04-09,사이즈 M 시켰는데 XL 옴
O0300691,2025-03-18,설명에는 방수라더니 아님
O0200962,2025-02-24,향이 너무 독해서 못 쓰겠어요
O0500185,2025-05-20,사이즈표대로 샀는데 작아요
O0300831,2025-04-07,화면에 줄이 가 있음 불량인듯
O0100823,2025-01-14,충동구매였습니다 죄송
O0300409,2025-04-07,배송이 늦어 여행 전에 못 받음
O0400488,2025-04-17,충동구매였습니다 죄송
O0600606,2025-06-19,너무 늦게 와서 이미 다른 데서 삼
O0300977,2025-03-26,사이즈 M 시켰는데 XL 옴
O0200491,2025-02-22,지퍼가 고장난 채로 옴
O0100889,2025-01-20,액체가 새서 다 젖어 있었음
O0500130,2025-05-15,지퍼가 고장난 채로 옴
O0200167,2025-02-22,사이즈표대로 샀는데 작아요
O0600774,2025-07-09,다른 데서 더 싸게 팔길래
O0300726,2025-03-18,옆집 택배가 저한테 왔네요 상품이 다름
O0100458,2025-02-08,받자마자 봉제선이 터져 있었습니다
O0100620,2025-01-27,너무 늦게 와서 이미 다른 데서 삼
O0200572,2025-02-21,배송이 늦어 여행 전에 못 받음
O0500241,2025-06-12,사진이랑 실물 색이 너무 달라요
O0600135,2025-06-29,주문한 색상이 아닌 다른 색이 왔어요
O0200743,2025-03-06,액체가 새서 다 젖어 있었음
O0600997,2025-06-21,옆집 택배가 저한테 왔네요 상품이 다름
O0500986,2025-05-06,재질이 생각보다 얇고 싸구려 같음
O0500676,2025-05-19,사이즈표대로 샀는데 작아요
O0100146,2025-01-21,액체가 새서 다 젖어 있었음
O0300200,2025-03-23,배송이 늦어 여행 전에 못 받음
O0100462,2025-02-05,옆집 택배가 저한테 왔네요 상품이 다름
O0200442,2025-02-24,사진이랑 실물 색이 너무 달라요
O0500555,2025-06-05,사진이랑 실물 색이 너무 달라요
O0400799,2025-04-11,선물하려 했는데 필요 없어짐
O0200183,2025-02-24,집에 같은 게 있었네요
O0400863,2025-04-21,선물하려 했는데 필요 없어짐
O0200221,2025-03-01,화면에 줄이 가 있음 불량인듯
O0600387,2025-06-30,사이즈 M 시켰는데 XL 옴
O0600700,2025-07-02,행사 날짜 지나서 도착함 필요없음
O0501005,2025-05-28,액체가 새서 다 젖어 있었음
O0400416,2025-04-17,옆집 택배가 저한테 왔네요 상품이 다름
