date,student_id,mark
2025-10-21,S0189,O
2025-10-21,S0069,O
2025-10-21,S0081,O
2025-10-20,S0244,O
2025-10-20,S0151,O
2025-10-21,S0038,O
2025-10-15,S0175,L
2025-10-20,S0289,O
2025-10-15,S0226,O
2025-10-15,S0082,O
2025-10-21,S0274,O
2025-10-17,S0092,O
2025-10-17,S0001,O
2025-10-15,S0149,O
2025-10-16,S0004,O
2025-10-21,S0098,O
2025-10-17,S0201,O
2025-10-20,S0056,L
2025-10-17,S0264,O
2025-10-20,S0061,O
2025-10-17,S0135,O
2025-10-21,S0238,X
2025-10-16,S0250,O
2025-10-20,S0157,O
2025-10-16,S0199,O
2025-10-17,S0052,X
2025-10-15,S0012,O
2025-10-21,S0008,O
2025-10-21,S0232,O
2025-10-16,S0104,O
2025-10-20,S0188,O
2025-10-15,S0260,O
2025-10-17,S0242,O
2025-10-17,S0050,O
2025-10-15,S0285,O
2025-10-21,S0117,O
2025-10-15,S0153,O
2025-10-21,S0092,O
2025-10-17,S0034,O
2025-10-15,S0097,O
2025-10-21,S0263,O
2025-10-17,S0177,O
2025-10-15,S0272,O
2025-10-16,S0048,O
2025-10-20,S0103,O
2025-10-21,S0162,O
2025-10-16,S0302,O
2025-10-15,S0111,O
2025-10-21,S0270,O
2025-10-16,S0257,O
2025-10-21,S0242,O
2025-10-16,S0234,O
2025-10-16,S0242,O
2025-10-21,S0254,O
2025-10-17,S0037,O
2025-10-16,S0124,O
2025-10-16,S0001,O
2025-10-17,S0286,O
2025-10-15,S0255,O
2025-10-15,S0177,O
2025-10-17,S0151,O
2025-10-20,S0237,O
2025-10-21,S0289,O
2025-10-15,S0015,O
2025-10-15,S0184,O
2025-10-17,S0113,O
2025-10-20,S0051,O
2025-10-17,S0220,O
2025-10-20,S0109,O
2025-10-21,S0068,O
2025-10-17,S0172,O
2025-10-15,S0095,O
2025-10-16,S0240,O
2025-10-21,S0122,O
2025-10-16,S0207,O
2025-10-15,S0298,O
2025-10-17,S0302,O
2025-10-20,S0238,X
2025-10-17,S0038,O
2025-10-15,S0021,O
2025-10-16,S0193,O
2025-10-15,S0179,O
2025-10-20,S0288,O
2025-10-21,S0009,O
2025-10-20,S0302,O
2025-10-17,S0165,O
2025-10-17,S0126,X
2025-10-15,S0011,O
2025-10-21,S0013,O
2025-10-21,S0279,O
2025-10-15,S0102,O
2025-10-15,S0059,O
2025-10-16,S0206,O
2025-10-15,S0053,L
2025-10-21,S0188,O
2025-10-17,S0025,O
2025-10-16,S0253,O
2025-10-16,S0053,O
2025-10-21,S0103,O
2025-10-16,S0067,O
2025-10-20,S0050,O
2025-10-21,S0052,O
2025-10-20,S0319,O
2025-10-16,S0153,O
2025-10-20,S0158,O
2025-10-21,S0278,O
2025-10-15,S0116,O
2025-10-15,S0052,O
2025-10-20,S0021,O
2025-10-17,S0211,O
2025-10-17,S0161,O
2025-10-16,S0258,O
2025-10-16,S0135,O
2025-10-20,S0273,O
2025-10-15,S0204,O
2025-10-21,S0130,O
2025-10-17,S0009,O
2025-10-17,S0311,O
2025-10-20,S0172,O
2025-10-16,S0180,O
2025-10-20,S0043,O
2025-10-15,S0304,O
2025-10-20,S0270,O
2025-10-15,S0075,O
2025-10-16,S0144,O
2025-10-16,S0145,O
2025-10-15,S0130,O
2025-10-17,S0042,O
2025-10-15,S0010,L
2025-10-16,S0319,O
2025-10-20,S0167,O
2025-10-15,S0114,O
2025-10-17,S0245,O
2025-10-16,S0099,O
2025-10-15,S0124,O
2025-10-17,S0158,O
2025-10-20,S0277,O
2025-10-21,S0186,O
2025-10-16,S0304,O
2025-10-16,S0059,O
2025-10-15,S0128,O
2025-10-15,S0066,O
2025-10-20,S0259,O
2025-10-16,S0247,L
2025-10-20,S0036,O
2025-10-17,S0227,O
2025-10-21,S0049,X
2025-10-21,S0280,O
2025-10-17,S0041,O
2025-10-15,S0156,O
2025-10-17,S0254,O
2025-10-20,S0226,O
2025-10-17,S0206,O
2025-10-15,S0172,X
2025-10-20,S0069,O
2025-10-15,S0061,O
2025-10-15,S0234,O
2025-10-16,S0082,O
2025-10-15,S0058,O
2025-10-17,S0260,O
2025-10-16,S0238,O
2025-10-16,S0021,O
2025-10-21,S0001,O
2025-10-15,S0197,O
2025-10-15,S0017,O
2025-10-15,S0217,O
2025-10-17,S0139,O
2025-10-17,S0250,O
2025-10-16,S0182,O
2025-10-20,S0182,O
2025-10-15,S0048,O
2025-10-16,S0151,O
2025-10-17,S0064,O
2025-10-16,S0255,O
2025-10-16,S0221,O
2025-10-15,S0293,O
2025-10-21,S0094,O
2025-10-16,S0058,O
2025-10-15,S0142,O
2025-10-17,S0069,X
2025-10-20,S0084,O
2025-10-21,S0320,X
2025-10-15,S0284,O
2025-10-15,S0318,O
2025-10-21,S0074,O
2025-10-21,S0003,O
2025-10-21,S0062,L
2025-10-16,S0230,O
2025-10-15,S0105,L
2025-10-17,S0273,O
2025-10-17,S0066,O
2025-10-15,S0191,O
2025-10-21,S0154,O
2025-10-21,S0272,O
2025-10-17,S0160,O
2025-10-15,S0300,O
2025-10-17,S0013,X
2025-10-15,S0063,O
2025-10-17,S0288,O
2025-10-20,S0278,O
2025-10-21,S0082,O
2025-10-20,S0059,O
2025-10-16,S0110,O
2025-10-17,S0082,O
2025-10-17,S0319,O
2025-10-21,S0017,O
2025-10-15,S0145,O
2025-10-15,S0257,O
2025-10-17,S0031,O
2025-10-21,S0063,O
2025-10-20,S0129,O
2025-10-20,S0190,O
2025-10-21,S0149,O
2025-10-21,S0248,X
2025-10-16,S0084,O
2025-10-16,S0096,O
2025-10-20,S0154,L
2025-10-17,S0212,O
2025-10-16,S0176,L
2025-10-20,S0199,O
2025-10-21,S0156,O
2025-10-15,S0073,O
2025-10-16,S0211,O
2025-10-21,S0007,O
2025-10-15,S0148,O
2025-10-17,S0241,O
2025-10-15,S0267,O
2025-10-20,S0184,O
2025-10-16,S0060,L
2025-10-20,S0023,L
2025-10-15,S0077,O
2025-10-15,S0268,O
2025-10-21,S0005,O
2025-10-21,S0023,O
2025-10-15,S0170,O
2025-10-20,S0012,O
2025-10-15,S0042,O
2025-10-20,S0207,O
2025-10-15,S0202,O
2025-10-20,S0169,O
2025-10-16,S0043,O
2025-10-17,S0106,O
2025-10-20,S0047,O
2025-10-20,S0235,O
2025-10-21,S0110,O
2025-10-17,S0012,O
2025-10-20,S0306,O
2025-10-21,S0216,O
2025-10-15,S0242,O
2025-10-16,S0249,O
2025-10-15,S0031,O
2025-10-17,S0062,O
2025-10-21,S0029,O
2025-10-16,S0256,O
2025-10-16,S0262,O
2025-10-17,S0011,O
2025-10-15,S0223,O
2025-10-17,S0297,O
2025-10-16,S0184,O
2025-10-16,S0085,O
2025-10-15,S0094,O
2025-10-15,S0237,O
2025-10-20,S0234,L
2025-10-21,S0142,O
2025-10-20,S0081,O
2025-10-17,S0073,O
2025-10-16,S0239,O
2025-10-21,S0191,O
2025-10-17,S0045,O
2025-10-17,S0096,X
2025-10-17,S0240,O
2025-10-16,S0112,O
2025-10-15,S0115,O
2025-10-17,S0251,O
2025-10-20,S0082,O
2025-10-16,S0235,O
2025-10-17,S0015,O
2025-10-17,S0144,O
2025-10-20,S0310,O
2025-10-20,S0201,O
2025-10-17,S0156,O
2025-10-17,S0070,O
2025-10-21,S0121,O
2025-10-15,S0313,O
2025-10-20,S0074,L
2025-10-20,S0245,O
2025-10-17,S0065,O
2025-10-21,S0234,O
2025-10-21,S0155,O
2025-10-16,S0108,O
2025-10-20,S0130,O
2025-10-16,S0089,O
2025-10-15,S0088,O
2025-10-16,S0315,O
2025-10-21,S0306,O
2025-10-21,S0269,O
2025-10-17,S0098,O
2025-10-17,S0043,O
2025-10-16,S0091,O
2025-10-21,S0144,O
2025-10-17,S0207,O
2025-10-15,S0138,O
2025-10-17,S0171,O
2025-10-21,S0281,O
2025-10-20,S0242,O
2025-10-20,S0004,O
2025-10-16,S0200,O
2025-10-17,S0119,O
2025-10-15,S0190,L
2025-10-17,S0300,O
2025-10-16,S0126,O
2025-10-16,S0212,O
2025-10-17,S0129,O
2025-10-16,S0024,L
2025-10-21,S0315,O
2025-10-20,S0162,O
2025-10-20,S0089,O
2025-10-21,S0168,O
2025-10-20,S0217,O
2025-10-16,S0041,O
2025-10-20,S0300,O
2025-10-20,S0100,O
2025-10-17,S0148,L
2025-10-15,S0157,O
2025-10-15,S0046,O
2025-10-15,S0176,O
2025-10-15,S0187,O
2025-10-21,S0266,O
2025-10-15,S0038,O
2025-10-20,S0006,O
2025-10-21,S0095,O
2025-10-17,S0044,O
2025-10-15,S0238,O
2025-10-17,S0024,O
2025-10-21,S0285,O
2025-10-16,S0298,O
2025-10-15,S0007,L
2025-10-21,S0051,L
2025-10-16,S0285,O
2025-10-21,S0227,O
2025-10-21,S0014,L
2025-10-16,S0157,X
2025-10-17,S0271,O
2025-10-17,S0280,O
2025-10-20,S0187,O
2025-10-15,S0005,L
2025-10-17,S0145,O
2025-10-15,S0049,X
2025-10-20,S0041,O
2025-10-21,S0002,X
2025-10-20,S0261,O
2025-10-20,S0210,O
2025-10-20,S0271,O
2025-10-15,S0189,O
2025-10-20,S0141,O
2025-10-16,S0164,O
2025-10-20,S0200,O
2025-10-17,S0277,O
2025-10-21,S0120,O
2025-10-17,S0028,O
2025-10-15,S0212,O
2025-10-16,S0203,O
2025-10-20,S0140,O
2025-10-17,S0114,X
2025-10-21,S0097,O
2025-10-16,S0015,O
2025-10-20,S0093,O
2025-10-17,S0284,O
2025-10-15,S0020,O
2025-10-16,S0148,L
2025-10-17,S0210,O
2025-10-20,S0211,O
2025-10-17,S0058,L
2025-10-17,S0185,O
2025-10-17,S0229,O
2025-10-15,S0112,O
2025-10-15,S0143,O
2025-10-17,S0255,O
2025-10-15,S0251,O
2025-10-17,S0046,O
2025-10-21,S0091,O
2025-10-17,S0094,O
2025-10-15,S0060,L
2025-10-15,S0273,O
2025-10-16,S0248,O
2025-10-16,S0173,O
2025-10-17,S0281,O
2025-10-16,S0140,L
2025-10-15,S0002,O
2025-10-17,S0084,O
2025-10-21,S0146,O
2025-10-21,S0153,O
2025-10-21,S0166,O
2025-10-21,S0025,O
2025-10-20,S0077,O
2025-10-15,S0232,O
2025-10-17,S0117,O
2025-10-15,S0230,O
2025-10-16,S0185,O
2025-10-17,S0030,O
2025-10-15,S0135,O
2025-10-21,S0181,O
2025-10-15,S0161,O
2025-10-21,S0102,O
2025-10-21,S0244,O
2025-10-15,S0305,O
2025-10-21,S0198,O
2025-10-15,S0117,O
2025-10-16,S0231,O
2025-10-21,S0036,L
2025-10-20,S0017,O
2025-10-16,S0056,O
2025-10-21,S0239,O
2025-10-17,S0216,O
2025-10-15,S0256,O
2025-10-15,S0018,O
2025-10-20,S0279,O
2025-10-15,S0119,O
2025-10-21,S0028,O
2025-10-20,S0002,O
2025-10-16,S0138,O
2025-10-15,S0051,O
2025-10-21,S0283,O
2025-10-21,S0088,O
2025-10-21,S0301,O
2025-10-20,S0016,O
2025-10-20,S0120,O
2025-10-20,S0276,L
2025-10-15,S0265,O
2025-10-16,S0293,O
2025-10-16,S0225,O
2025-10-16,S0197,O
2025-10-20,S0105,O
2025-10-15,S0301,O
2025-10-20,S0193,O
2025-10-20,S0078,X
2025-10-16,S0036,O
2025-10-15,S0056,X
2025-10-20,S0042,O
2025-10-17,S0093,X
2025-10-20,S0297,O
2025-10-21,S0231,O
2025-10-20,S0206,O
2025-10-16,S0133,O
2025-10-20,S0215,O
2025-10-15,S0166,X
2025-10-21,S0207,O
2025-10-16,S0195,O
2025-10-20,S0031,O
2025-10-20,S0264,O
2025-10-16,S0311,O
2025-10-20,S0027,O
2025-10-16,S0177,O
2025-10-21,S0255,O
2025-10-15,S0101,O
2025-10-15,S0246,O
2025-10-21,S0233,O
2025-10-15,S0027,O
2025-10-15,S0244,O
2025-10-17,S0253,X
2025-10-21,S0027,O
2025-10-15,S0288,O
2025-10-15,S0090,O
2025-10-16,S0237,X
2025-10-20,S0075,O
2025-10-17,S0002,O
2025-10-17,S0272,O
2025-10-21,S0311,O
2025-10-16,S0064,O
2025-10-17,S0142,O
2025-10-17,S0017,O
2025-10-15,S0281,O
2025-10-16,S0276,O
2025-10-21,S0086,O
2025-10-20,S0071,O
2025-10-16,S0003,L
2025-10-17,S0213,O
2025-10-15,S0074,O
2025-10-17,S0076,O
2025-10-15,S0067,O
2025-10-21,S0090,O
2025-10-15,S0310,O
2025-10-16,S0031,O
2025-10-20,S0149,O
2025-10-16,S0086,O
2025-10-20,S0116,O
2025-10-20,S0124,L
2025-10-15,S0295,O
2025-10-21,S0020,O
2025-10-15,S0262,L
2025-10-16,S0025,X
2025-10-20,S0168,X
2025-10-17,S0203,O
2025-10-20,S0032,O
2025-10-16,S0115,O
2025-10-16,S0155,O
2025-10-16,S0083,O
2025-10-15,S0104,O
2025-10-21,S0136,O
2025-10-16,S0011,O
2025-10-15,S0152,O
2025-10-16,S0109,O
2025-10-21,S0065,O
2025-10-16,S0113,O
2025-10-16,S0292,L
2025-10-16,S0122,O
2025-10-20,S0266,O
2025-10-16,S0023,O
2025-10-20,S0220,O
2025-10-20,S0292,O
2025-10-16,S0245,O
2025-10-21,S0229,O
2025-10-15,S0266,O
2025-10-15,S0065,O
2025-10-16,S0012,O
2025-10-15,S0182,O
2025-10-20,S0152,O
2025-10-15,S0245,O
2025-10-16,S0088,O
2025-10-16,S0007,O
2025-10-20,S0223,O
2025-10-17,S0291,O
2025-10-15,S0227,O
2025-10-20,S0203,O
2025-10-17,S0234,O
2025-10-21,S0053,O
2025-10-20,S0009,O
2025-10-16,S0080,O
2025-10-20,S0102,O
2025-10-15,S0001,O
2025-10-17,S0086,O
2025-10-15,S0194,O
2025-10-17,S0163,O
2025-10-16,S0038,O
2025-10-20,S0304,O
2025-10-17,S0157,O
2025-10-21,S0105,O
2025-10-17,S0019,X
2025-10-17,S0089,O
2025-10-21,S0236,O
2025-10-17,S0175,O
2025-10-16,S0047,O
2025-10-16,S0014,O
2025-10-20,S0227,O
2025-10-21,S0316,O
2025-10-15,S0299,O
2025-10-16,S0267,O
2025-10-17,S0307,O
2025-10-15,S0096,O
2025-10-21,S0172,O
2025-10-16,S0150,O
2025-10-20,S0263,O
2025-10-20,S0253,O
2025-10-20,S0293,O
2025-10-15,S0235,X
2025-10-15,S0173,O
2025-10-16,S0227,O
2025-10-20,S0063,O
2025-10-21,S0187,O
2025-10-21,S0201,O
2025-10-20,S0066,O
2025-10-17,S0191,O
2025-10-20,S0170,O
2025-10-16,S0154,O
2025-10-16,S0282,O
2025-10-21,S0250,O
2025-10-15,S0162,O
2025-10-15,S0219,O
2025-10-15,S0136,O
2025-10-17,S0278,O
2025-10-15,S0181,O
2025-10-20,S0284,O
2025-10-15,S0109,O
2025-10-20,S0249,O
2025-10-16,S0271,O
2025-10-17,S0316,O
2025-10-17,S0194,O
2025-10-21,S0043,O
2025-10-21,S0067,O
2025-10-16,S0215,L
2025-10-15,S0216,O
2025-10-17,S0246,O
2025-10-17,S0060,O
2025-10-15,S0045,O
2025-10-21,S0106,O
2025-10-15,S0076,O
2025-10-15,S0043,O
2025-10-15,S0198,O
2025-10-17,S0128,O
2025-10-16,S0029,O
2025-10-20,S0318,O
2025-10-16,S0205,O
2025-10-15,S0155,O
2025-10-21,S0195,O
2025-10-21,S0276,O
2025-10-15,S0132,O
2025-10-15,S0160,O
2025-10-17,S0023,O
2025-10-15,S0311,O
2025-10-21,S0184,O
2025-10-15,S0163,L
2025-10-21,S0243,O
2025-10-20,S0028,O
2025-10-20,S0195,O
2025-10-20,S0317,O
2025-10-16,S0040,O
2025-10-17,S0111,O
2025-10-16,S0223,O
2025-10-16,S0266,O
2025-10-20,S0176,O
2025-10-16,S0283,O
2025-10-20,S0133,O
2025-10-15,S0229,O
2025-10-21,S0246,O
2025-10-17,S0124,O
2025-10-15,S0317,O
2025-10-15,S0151,O
2025-10-15,S0279,O
2025-10-21,S0124,O
2025-10-21,S0137,X
2025-10-15,S0193,O
2025-10-15,S0004,O
2025-10-20,S0256,X
2025-10-16,S0280,O
2025-10-17,S0021,O
2025-10-20,S0305,O
2025-10-20,S0126,O
2025-10-20,S0281,L
2025-10-21,S0165,O
2025-10-20,S0115,O
2025-10-17,S0047,O
2025-10-20,S0104,O
2025-10-21,S0031,O
2025-10-20,S0119,O
2025-10-20,S0142,O
2025-10-16,S0254,O
2025-10-17,S0179,L
2025-10-17,S0083,O
2025-10-17,S0208,O
2025-10-20,S0128,O
2025-10-17,S0274,O
2025-10-17,S0078,X
2025-10-15,S0188,O
2025-10-20,S0191,O
2025-10-20,S0232,O
2025-10-20,S0185,L
2025-10-20,S0155,L
2025-10-20,S0073,O
2025-10-21,S0169,O
2025-10-20,S0045,O
2025-10-21,S0143,O
2025-10-15,S0087,O
2025-10-17,S0263,O
2025-10-17,S0029,O
2025-10-16,S0263,O
2025-10-16,S0284,L
2025-10-15,S0035,O
2025-10-17,S0197,O
2025-10-21,S0235,O
2025-10-16,S0092,O
2025-10-20,S0147,O
2025-10-21,S0226,O
2025-10-15,S0072,O
2025-10-20,S0024,L
2025-10-21,S0127,O
2025-10-21,S0045,O
2025-10-17,S0059,O
2025-10-15,S0146,O
2025-10-21,S0302,O
2025-10-15,S0263,O
2025-10-20,S0161,O
2025-10-15,S0099,O
2025-10-21,S0139,O
2025-10-16,S0260,O
2025-10-20,S0092,O
2025-10-15,S0222,O
2025-10-17,S0196,O
2025-10-17,S0008,O
2025-10-15,S0185,O
2025-10-16,S0106,O
2025-10-15,S0019,O
2025-10-15,S0249,O
2025-10-20,S0298,O
2025-10-16,S0172,X
2025-10-20,S0127,O
2025-10-20,S0177,O
2025-10-15,S0289,L
2025-10-20,S0101,O
2025-10-21,S0203,O
2025-10-15,S0009,O
2025-10-16,S0013,O
2025-10-17,S0091,L
2025-10-16,S0169,X
2025-10-17,S0269,O
2025-10-15,S0243,O
2025-10-21,S0286,O
2025-10-15,S0277,O
2025-10-17,S0122,X
2025-10-17,S0282,O
2025-10-20,S0091,L
2025-10-15,S0225,O
2025-10-17,S0132,O
2025-10-16,S0229,O
2025-10-16,S0194,O
2025-10-20,S0095,O
2025-10-17,S0130,O
2025-10-15,S0029,L
2025-10-21,S0140,O
2025-10-20,S0007,X
2025-10-16,S0141,O
2025-10-16,S0142,O
2025-10-20,S0134,O
2025-10-21,S0129,O
2025-10-17,S0182,O
2025-10-16,S0273,L
2025-10-17,S0154,O
2025-10-17,S0155,O
2025-10-21,S0128,O
2025-10-15,S0211,O
2025-10-20,S0183,O
2025-10-17,S0204,O
2025-10-15,S0141,O
2025-10-17,S0108,O
2025-10-16,S0318,O
2025-10-17,S0074,O
2025-10-17,S0004,O
2025-10-17,S0040,O
2025-10-20,S0114,X
2025-10-20,S0248,O
2025-10-20,S0052,O
2025-10-16,S0075,O
2025-10-17,S0133,O
2025-10-20,S0049,O
2025-10-20,S0250,O
2025-10-17,S0238,O
2025-10-15,S0040,O
2025-10-20,S0320,O
2025-10-17,S0244,O
2025-10-21,S0305,O
2025-10-21,S0041,X
2025-10-21,S0318,O
2025-10-17,S0301,O
2025-10-17,S0233,O
2025-10-17,S0099,O
2025-10-15,S0025,O
2025-10-20,S0098,O
2025-10-17,S0014,O
2025-10-17,S0137,X
2025-10-20,S0019,L
2025-10-16,S0117,O
2025-10-20,S0231,O
2025-10-17,S0232,O
2025-10-15,S0258,O
2025-10-17,S0143,O
2025-10-16,S0037,O
2025-10-21,S0313,O
2025-10-21,S0035,X
2025-10-15,S0030,X
2025-10-21,S0265,O
2025-10-15,S0121,O
2025-10-17,S0217,L
2025-10-21,S0050,O
2025-10-16,S0226,O
2025-10-15,S0274,O
2025-10-16,S0244,O
2025-10-16,S0072,O
2025-10-20,S0139,O
2025-10-15,S0050,O
2025-10-20,S0018,O
2025-10-17,S0268,O
2025-10-15,S0215,O
2025-10-21,S0044,X
2025-10-21,S0200,O
2025-10-15,S0139,O
2025-10-21,S0066,O
2025-10-15,S0319,O
2025-10-17,S0305,O
2025-10-16,S0265,O
2025-10-20,S0166,O
2025-10-16,S0105,O
2025-10-21,S0141,O
2025-10-20,S0214,O
2025-10-21,S0087,X
2025-10-21,S0171,O
2025-10-15,S0023,O
2025-10-15,S0064,O
2025-10-17,S0188,O
2025-10-21,S0293,O
2025-10-20,S0153,O
2025-10-21,S0197,O
2025-10-17,S0259,O
2025-10-15,S0195,O
2025-10-21,S0080,O
2025-10-21,S0070,O
2025-10-15,S0314,O
2025-10-17,S0036,L
2025-10-16,S0077,O
2025-10-16,S0008,L
2025-10-16,S0147,O
2025-10-21,S0134,O
2025-10-17,S0222,X
2025-10-16,S0210,O
2025-10-15,S0276,O
2025-10-17,S0085,O
2025-10-17,S0149,O
2025-10-20,S0186,L
2025-10-16,S0219,O
2025-10-20,S0058,O
2025-10-16,S0034,O
2025-10-21,S0157,O
2025-10-15,S0320,O
2025-10-21,S0257,O
2025-10-20,S0287,O
2025-10-17,S0236,O
2025-10-17,S0063,O
2025-10-21,S0138,O
2025-10-20,S0146,L
2025-10-20,S0286,O
2025-10-21,S0262,L
2025-10-21,S0298,O
2025-10-20,S0291,O
2025-10-21,S0185,X
2025-10-15,S0080,O
2025-10-16,S0078,O
2025-10-20,S0265,O
2025-10-16,S0236,O
2025-10-16,S0301,O
2025-10-17,S0225,O
2025-10-21,S0132,O
2025-10-17,S0308,O
2025-10-16,S0175,O
2025-10-16,S0310,O
2025-10-21,S0119,O
2025-10-21,S0011,O
2025-10-20,S0048,O
2025-10-16,S0295,O
2025-10-15,S0315,L
2025-10-16,S0167,O
2025-10-15,S0282,O
2025-10-15,S0205,O
2025-10-15,S0165,O
2025-10-20,S0314,O
2025-10-16,S0158,O
2025-10-17,S0048,O
2025-10-17,S0231,O
2025-10-15,S0264,O
2025-10-15,S0307,O
2025-10-20,S0138,O
2025-10-15,S0183,O
2025-10-15,S0013,O
2025-10-17,S0190,O
2025-10-17,S0075,O
2025-10-17,S0153,O
2025-10-21,S0016,O
2025-10-17,S0295,O
2025-10-17,S0169,O
2025-10-20,S0197,O
2025-10-16,S0156,O
2025-10-17,S0249,O
2025-10-21,S0046,O
2025-10-15,S0297,O
2025-10-17,S0193,O
2025-10-16,S0159,O
2025-10-15,S0028,O
2025-10-21,S0083,O
2025-10-20,S0096,O
2025-10-17,S0181,O
2025-10-15,S0150,O
2025-10-17,S0292,O
2025-10-16,S0002,O
2025-10-21,S0075,O
2025-10-17,S0287,O
2025-10-21,S0030,O
2025-10-17,S0310,O
2025-10-20,S0001,O
2025-10-16,S0246,O
2025-10-17,S0018,O
2025-10-20,S0029,O
2025-10-17,S0219,O
2025-10-17,S0095,O
2025-10-17,S0102,O
2025-10-16,S0005,O
2025-10-15,S0270,O
2025-10-17,S0265,O
2025-10-20,S0163,O
2025-10-15,S0032,L
2025-10-15,S0006,O
2025-10-21,S0217,X
2025-10-21,S0178,O
2025-10-15,S0091,O
2025-10-17,S0121,O
2025-10-21,S0078,X
2025-10-20,S0046,O
2025-10-17,S0261,O
2025-10-21,S0148,O
2025-10-17,S0053,O
2025-10-21,S0034,O
2025-10-16,S0307,O
2025-10-15,S0303,O
2025-10-15,S0137,L
2025-10-21,S0111,O
2025-10-20,S0025,X
2025-10-16,S0314,O
2025-10-20,S0179,O
2025-10-15,S0144,O
2025-10-21,S0241,O
2025-10-16,S0087,X
2025-10-16,S0308,O
2025-10-16,S0103,O
2025-10-17,S0303,O
2025-10-21,S0251,O
2025-10-17,S0016,O
2025-10-17,S0170,O
2025-10-17,S0289,O
2025-10-20,S0299,O
2025-10-15,S0306,O
2025-10-15,S0086,O
2025-10-21,S0160,O
2025-10-15,S0070,O
2025-10-16,S0306,O
2025-10-20,S0175,O
2025-10-16,S0146,O
2025-10-21,S0202,O
2025-10-17,S0176,O
2025-10-21,S0021,O
2025-10-16,S0074,O
2025-10-20,S0065,O
2025-10-20,S0108,O
2025-10-16,S0068,O
2025-10-20,S0189,L
2025-10-20,S0035,O
2025-10-20,S0072,O
2025-10-15,S0180,O
2025-10-15,S0171,O
2025-10-20,S0067,O
2025-10-17,S0199,O
2025-10-15,S0250,O
2025-10-17,S0187,O
2025-10-20,S0171,O
2025-10-15,S0126,O
2025-10-16,S0243,O
2025-10-20,S0034,O
2025-10-17,S0283,O
2025-10-21,S0219,O
2025-10-21,S0273,O
2025-10-21,S0085,O
2025-10-21,S0252,O
2025-10-15,S0316,O
2025-10-16,S0030,O
2025-10-20,S0143,O
2025-10-15,S0220,O
2025-10-16,S0071,O
2025-10-20,S0013,O
2025-10-20,S0121,O
2025-10-21,S0161,O
2025-10-16,S0214,O
2025-10-20,S0303,O
2025-10-20,S0164,O
2025-10-20,S0260,O
2025-10-20,S0137,X
2025-10-16,S0165,X
2025-10-15,S0106,O
2025-10-16,S0095,O
2025-10-21,S0071,O
2025-10-16,S0016,O
2025-10-17,S0003,O
2025-10-21,S0177,O
2025-10-20,S0044,O
2025-10-20,S0097,O
2025-10-20,S0040,O
2025-10-16,S0232,O
2025-10-15,S0259,O
2025-10-20,S0247,O
2025-10-20,S0136,O
2025-10-16,S0127,O
2025-10-17,S0285,L
2025-10-16,S0028,O
2025-10-15,S0213,O
2025-10-17,S0189,O
2025-10-21,S0116,O
2025-10-16,S0289,O
2025-10-15,S0110,O
2025-10-17,S0159,O
2025-10-16,S0070,O
2025-10-17,S0141,O
2025-10-17,S0100,L
2025-10-16,S0143,O
2025-10-15,S0252,O
2025-10-21,S0059,O
2025-10-15,S0261,X
2025-10-15,S0239,O
2025-10-17,S0077,O
2025-10-15,S0120,O
2025-10-16,S0187,O
2025-10-16,S0300,O
2025-10-20,S0160,O
2025-10-21,S0096,O
2025-10-17,S0110,O
2025-10-21,S0282,O
2025-10-20,S0008,O
2025-10-15,S0047,O
2025-10-17,S0049,O
2025-10-21,S0040,O
2025-10-16,S0261,O
2025-10-17,S0267,O
2025-10-21,S0225,O
2025-10-20,S0313,O
2025-10-17,S0184,O
2025-10-15,S0221,L
2025-10-21,S0108,O
2025-10-17,S0293,O
2025-10-16,S0081,O
2025-10-15,S0081,O
2025-10-16,S0090,O
2025-10-17,S0027,O
2025-10-15,S0041,O
2025-10-17,S0214,O
2025-10-17,S0166,O
2025-10-20,S0315,O
2025-10-21,S0077,X
2025-10-20,S0080,O
2025-10-16,S0168,O
2025-10-16,S0287,O
2025-10-16,S0116,O
2025-10-16,S0094,L
2025-10-17,S0103,O
2025-10-15,S0169,L
2025-10-16,S0241,O
2025-10-20,S0295,O
2025-10-20,S0301,O
2025-10-16,S0162,O
2025-10-16,S0032,X
2025-10-16,S0149,O
2025-10-21,S0245,O
2025-10-21,S0284,O
2025-10-20,S0053,O
2025-10-16,S0065,O
2025-10-20,S0011,O
2025-10-16,S0220,O
2025-10-21,S0240,O
2025-10-15,S0224,O
2025-10-20,S0221,O
2025-10-16,S0066,O
2025-10-20,S0111,O
2025-10-21,S0223,O
2025-10-17,S0010,O
2025-10-21,S0133,O
2025-10-16,S0316,O
2025-10-21,S0093,O
2025-10-16,S0006,O
2025-10-21,S0089,X
2025-10-17,S0279,O
2025-10-17,S0167,O
2025-10-16,S0050,O
2025-10-20,S0135,O
2025-10-16,S0291,O
2025-10-16,S0163,O
2025-10-21,S0317,L
2025-10-15,S0078,O
2025-10-15,S0271,O
2025-10-15,S0233,O
2025-10-16,S0259,O
2025-10-21,S0056,L
2025-10-17,S0202,O
2025-10-15,S0084,O
2025-10-17,S0067,O
2025-10-21,S0291,O
2025-10-21,S0205,O
2025-10-16,S0183,O
2025-10-21,S0190,O
2025-10-15,S0178,L
2025-10-15,S0231,O
2025-10-17,S0237,O
2025-10-20,S0038,O
2025-10-21,S0220,O
2025-10-21,S0299,O
2025-10-16,S0152,O
2025-10-21,S0058,O
2025-10-21,S0018,O
2025-10-20,S0106,O
2025-10-17,S0320,O
2025-10-17,S0146,O
2025-10-17,S0306,O
2025-10-21,S0213,O
2025-10-20,S0037,X
2025-10-15,S0241,O
2025-10-21,S0253,O
2025-10-16,S0208,O
2025-10-17,S0235,X
2025-10-16,S0161,O
2025-10-15,S0203,O
2025-10-17,S0147,O
2025-10-15,S0206,O
2025-10-15,S0098,O
2025-10-17,S0051,L
2025-10-17,S0178,O
2025-10-15,S0108,O
2025-10-20,S0229,O
2025-10-21,S0064,O
2025-10-16,S0224,O
2025-10-20,S0239,O
2025-10-16,S0166,O
2025-10-16,S0268,O
2025-10-15,S0308,O
2025-10-20,S0099,O
2025-10-16,S0278,O
2025-10-16,S0097,O
2025-10-21,S0150,O
2025-10-16,S0201,L
2025-10-21,S0170,O
2025-10-16,S0181,O
2025-10-21,S0158,O
2025-10-16,S0111,O
2025-10-16,S0233,O
2025-10-17,S0020,O
2025-10-21,S0101,O
2025-10-21,S0295,O
2025-10-20,S0262,X
2025-10-17,S0180,O
2025-10-21,S0261,O
2025-10-16,S0098,O
2025-10-16,S0069,O
2025-10-15,S0036,O
2025-10-15,S0207,O
2025-10-16,S0279,O
2025-10-21,S0100,O
2025-10-15,S0236,O
2025-10-20,S0010,L
2025-10-21,S0061,O
2025-10-17,S0061,O
2025-10-17,S0183,O
2025-10-15,S0253,O
2025-10-20,S0316,O
2025-10-21,S0211,O
2025-10-16,S0052,O
2025-10-16,S0188,L
2025-10-20,S0062,O
2025-10-21,S0176,X
2025-10-21,S0264,O
2025-10-20,S0086,O
2025-10-20,S0280,O
2025-10-20,S0090,O
2025-10-20,S0269,O
2025-10-15,S0280,O
2025-10-16,S0051,O
2025-10-21,S0015,O
2025-10-20,S0233,O
2025-10-20,S0224,O
2025-10-21,S0010,O
2025-10-21,S0175,O
2025-10-16,S0160,O
2025-10-17,S0152,O
2025-10-20,S0272,X
2025-10-16,S0264,O
2025-10-21,S0303,O
2025-10-17,S0101,O
2025-10-16,S0076,O
2025-10-20,S0194,O
2025-10-21,S0258,O
2025-10-17,S0104,O
2025-10-20,S0088,O
2025-10-16,S0288,O
2025-10-16,S0216,O
2025-10-15,S0186,O
2025-10-20,S0243,X
2025-10-17,S0120,O
2025-10-16,S0046,O
2025-10-15,S0122,O
2025-10-17,S0205,O
2025-10-17,S0230,L
2025-10-21,S0224,O
2025-10-21,S0304,O
2025-10-20,S0267,O
2025-10-20,S0083,O
2025-10-20,S0064,X
2025-10-21,S0126,O
2025-10-16,S0171,X
2025-10-17,S0164,O
2025-10-21,S0206,O
2025-10-21,S0164,O
2025-10-16,S0137,O
2025-10-16,S0272,X
2025-10-15,S0240,O
2025-10-21,S0300,O
2025-10-15,S0100,O
2025-10-20,S0173,L
2025-10-21,S0099,O
2025-10-16,S0189,O
2025-10-15,S0158,O
2025-10-15,S0159,O
2025-10-16,S0299,O
2025-10-16,S0019,O
2025-10-17,S0056,O
2025-10-17,S0239,O
2025-10-21,S0260,O
2025-10-16,S0320,O
2025-10-16,S0217,O
2025-10-20,S0148,O
2025-10-20,S0222,X
2025-10-21,S0048,O
2025-10-15,S0154,L
2025-10-16,S0100,X
2025-10-20,S0110,O
2025-10-21,S0047,O
2025-10-21,S0173,O
2025-10-17,S0007,O
2025-10-16,S0196,O
2025-10-21,S0208,O
2025-10-15,S0034,O
2025-10-15,S0302,X
2025-10-17,S0162,O
2025-10-16,S0313,O
2025-10-21,S0026,O
2025-10-21,S0115,O
2025-10-21,S0006,O
2025-10-16,S0191,O
2025-10-16,S0222,O
2025-10-17,S0248,O
2025-10-16,S0062,O
2025-10-20,S0196,O
2025-10-21,S0307,O
2025-10-15,S0214,O
2025-10-16,S0286,L
2025-10-16,S0020,O
2025-10-15,S0089,O
2025-10-15,S0071,O
2025-10-17,S0112,O
2025-10-20,S0205,O
2025-10-21,S0180,O
2025-10-21,S0308,O
2025-10-17,S0168,X
2025-10-17,S0134,O
2025-10-21,S0151,O
2025-10-20,S0180,O
2025-10-16,S0190,O
2025-10-17,S0006,O
2025-10-21,S0076,O
2025-10-21,S0073,O
2025-10-20,S0274,O
2025-10-21,S0037,O
2025-10-21,S0084,O
2025-10-21,S0247,O
2025-10-15,S0044,X
2025-10-16,S0093,O
2025-10-17,S0173,O
2025-10-16,S0270,O
2025-10-15,S0016,O
2025-10-20,S0113,O
2025-10-15,S0003,O
2025-10-15,S0083,O
2025-10-15,S0199,O
2025-10-21,S0199,O
2025-10-15,S0024,O
2025-10-20,S0213,O
2025-10-20,S0230,O
2025-10-20,S0085,O
2025-10-21,S0319,O
2025-10-17,S0072,O
2025-10-16,S0252,O
2025-10-21,S0060,O
2025-10-15,S0069,O
2025-10-21,S0179,O
2025-10-20,S0178,O
2025-10-21,S0159,O
2025-10-17,S0127,O
2025-10-15,S0133,O
2025-10-16,S0063,O
2025-10-15,S0008,O
2025-10-21,S0292,O
2025-10-20,S0251,O
2025-10-16,S0139,O
2025-10-20,S0241,O
2025-10-21,S0072,O
2025-10-16,S0119,O
2025-10-20,S0145,O
2025-10-16,S0274,O
2025-10-20,S0308,O
2025-10-21,S0288,O
2025-10-20,S0144,O
2025-10-17,S0080,O
2025-10-20,S0150,O
2025-10-20,S0076,O
2025-10-20,S0005,O
2025-10-17,S0257,O
2025-10-20,S0240,O
2025-10-15,S0068,O
2025-10-17,S0315,O
2025-10-21,S0215,O
2025-10-21,S0145,O
2025-10-16,S0044,X
2025-10-17,S0005,O
2025-10-21,S0019,O
2025-10-21,S0214,O
2025-10-16,S0101,O
2025-10-17,S0138,O
2025-10-20,S0254,O
2025-10-16,S0010,O
2025-10-21,S0277,O
2025-10-21,S0314,O
2025-10-16,S0179,O
2025-10-17,S0247,X
2025-10-16,S0277,O
2025-10-15,S0287,O
2025-10-16,S0045,O
2025-10-17,S0071,O
2025-10-17,S0270,O
2025-10-17,S0314,O
2025-10-21,S0167,O
2025-10-15,S0014,O
2025-10-16,S0035,O
2025-10-17,S0068,O
2025-10-16,S0213,O
2025-10-21,S0114,O
2025-10-21,S0196,O
2025-10-17,S0318,O
2025-10-16,S0049,O
2025-10-21,S0237,X
2025-10-17,S0276,O
2025-10-15,S0093,O
2025-10-20,S0257,O
2025-10-21,S0012,O
2025-10-15,S0208,O
2025-10-15,S0113,O
2025-10-21,S0042,O
2025-10-21,S0152,O
2025-10-20,S0030,O
2025-10-20,S0165,L
2025-10-15,S0147,O
2025-10-17,S0224,O
2025-10-17,S0115,L
2025-10-17,S0186,O
2025-10-21,S0259,O
2025-10-17,S0105,O
2025-10-20,S0070,O
2025-10-17,S0304,O
2025-10-21,S0182,O
2025-10-21,S0183,O
2025-10-21,S0163,O
2025-10-15,S0129,O
2025-10-15,S0210,O
2025-10-21,S0221,O
2025-10-17,S0226,O
2025-10-16,S0114,O
2025-10-21,S0267,O
2025-10-20,S0285,O
2025-10-16,S0128,O
2025-10-15,S0085,X
2025-10-20,S0159,O
2025-10-15,S0196,L
2025-10-16,S0121,L
2025-10-20,S0212,O
2025-10-17,S0200,O
2025-10-20,S0225,O
2025-10-17,S0116,O
2025-10-17,S0252,X
2025-10-20,S0060,O
2025-10-15,S0127,O
2025-10-21,S0249,O
2025-10-16,S0317,O
2025-10-16,S0281,O
2025-10-20,S0219,O
2025-10-21,S0204,O
2025-10-20,S0252,O
2025-10-16,S0027,O
2025-10-20,S0117,O
2025-10-16,S0269,O
2025-10-16,S0305,X
2025-10-16,S0132,O
2025-10-15,S0291,O
2025-10-16,S0202,O
2025-10-15,S0103,L
2025-10-17,S0035,O
2025-10-17,S0140,O
2025-10-20,S0020,O
2025-10-17,S0299,O
2025-10-16,S0129,O
2025-10-20,S0198,O
2025-10-16,S0251,X
2025-10-16,S0134,L
2025-10-17,S0262,O
2025-10-21,S0194,O
2025-10-21,S0297,O
2025-10-21,S0287,O
2025-10-20,S0236,O
2025-10-20,S0283,O
2025-10-16,S0178,O
2025-10-16,S0009,O
2025-10-21,S0109,O
2025-10-20,S0087,O
2025-10-21,S0256,O
2025-10-17,S0088,O
2025-10-20,S0307,O
2025-10-21,S0024,O
2025-10-15,S0134,L
2025-10-15,S0248,X
2025-10-17,S0022,O
2025-10-20,S0112,O
2025-10-16,S0303,O
2025-10-20,S0122,O
2025-10-20,S0068,O
2025-10-15,S0062,O
2025-10-17,S0032,O
2025-10-20,S0246,O
2025-10-15,S0254,O
2025-10-15,S0292,O
2025-10-21,S0210,O
2025-10-17,S0223,O
2025-10-20,S0216,O
2025-10-21,S0212,O
2025-10-20,S0015,X
2025-10-21,S0112,O
2025-10-15,S0278,O
2025-10-17,S0087,O
2025-10-20,S0311,O
2025-10-20,S0156,O
2025-10-17,S0256,O
2025-10-16,S0297,O
2025-10-15,S0283,O
2025-10-16,S0061,O
2025-10-20,S0132,O
2025-10-21,S0310,O
2025-10-15,S0200,O
2025-10-20,S0268,L
2025-10-20,S0208,O
2025-10-15,S0037,O
2025-10-21,S0004,L
2025-10-20,S0014,O
2025-10-16,S0102,O
2025-10-15,S0092,O
2025-10-15,S0167,O
2025-10-20,S0204,O
2025-10-21,S0230,O
2025-10-16,S0042,O
2025-10-21,S0268,O
2025-10-20,S0255,O
2025-10-15,S0140,O
2025-10-17,S0298,O
2025-10-16,S0018,O
2025-10-16,S0186,O
2025-10-16,S0136,O
2025-10-17,S0090,O
2025-10-20,S0282,O
2025-10-16,S0120,O
2025-10-20,S0094,O
2025-10-20,S0003,O
2025-10-15,S0164,O
2025-10-17,S0150,O
2025-10-16,S0198,O
2025-10-15,S0269,O
2025-10-17,S0215,O
2025-10-17,S0258,O
2025-10-17,S0109,O
2025-10-15,S0247,O
2025-10-17,S0198,X
2025-10-17,S0313,X
2025-10-21,S0193,O
2025-10-21,S0104,L
2025-10-16,S0170,O
2025-10-17,S0243,O
2025-10-16,S0017,O
2025-10-16,S0130,O
2025-10-21,S0135,O
2025-10-20,S0181,O
2025-10-21,S0222,O
2025-10-15,S0286,O
2025-10-17,S0097,O
2025-10-17,S0136,O
2025-10-17,S0195,O
2025-10-15,S0168,L
2025-10-17,S0081,O
2025-10-21,S0271,X
2025-10-20,S0258,O
2025-10-16,S0073,O
2025-10-16,S0204,O
2025-10-21,S0032,O
2025-10-17,S0317,O
2025-10-17,S0266,O
2025-10-20,S0202,O
2025-10-21,S0113,O
2025-10-15,S0201,O
2025-10-21,S0147,O
2025-10-17,S0221,O
