주문번호,주문일,고객,지역,금액,상태
O0400001,2025-04-04,C0788,지방,130000,결제완료
O0400002,2025-04-20,C0030,수도권,255000,결제완료
O0400003,2025-04-07,C0418,수도권,53700,결제완료
O0400004,2025-04-29,C0461,지방,196500,결제완료
O0400005,2025-04-08,C0601,지방,80300,결제완료
O0400006,2025-04-16,C0081,수도권,137600,결제완료
O0400007,2025-04-08,C0042,지방,151500,결제완료
O0400008,2025-04-28,C0109,지방,260100,결제완료
O0400009,2025-04-21,C0512,수도권,35200,결제완료
O0400010,2025-04-24,C0582,지방,"12,000원",결제완료
O0400011,2025-04-13,C0239,수도권,157800,결제완료
O0400012,2025-04-24,C0764,수도권,119700,결제완료
O0400013,2025-04-26,C0407,지방,155900,결제완료
O0400014,2025-04-05,C0766,제주,215200,결제완료
O0400015,2025-04-14,C0624,수도권,224100,결제완료
O0400016,2025-04-13,C0686,지방,12900,결제완료
O0400017,2025-04-28,C0490,지방,188100,결제완료
O0400018,2025-04-22,C0465,지방,53100,결제완료
O0400019,2025-04-10,C0467,지방,90700,결제완료
O0400020,2025-04-30,C0775,수도권,256300,취소
O0400021,2025-04-29,C0393,수도권,295100,결제완료
O0400022,2025-04-22,C0264,수도권,207100,결제완료
O0400023,2025-04-06,C0005,수도권,159300,취소
O0400024,2025-04-18,C0206,지방,11200,결제완료
O0400025,2025-04-27,C0615,수도권,222000,결제완료
O0400026,2025-04-16,C0800,수도권,216800,결제완료
O0400027,2025-04-27,C0213,지방,164800,결제완료
O0400028,2025-04-12,C0180,수도권,22500,결제완료
O0400029,2025-04-06,C0558,수도권,53500,결제완료
O0400030,2025-04-19,C0300,지방,272100,결제완료
O0400031,2025-04-11,C0662,지방,296700,결제완료
O0400032,2025-04-06,C0408,지방,57900,결제완료
O0400033,2025-04-08,C0314,수도권,120800,결제완료
O0400034,2025-04-04,C0015,수도권,59900,결제완료
O0400035,2025-04-20,C0617,수도권,93600,결제완료
O0400036,2025-04-03,C0086,지방,122300,결제완료
O0400037,2025-04-16,C0050,수도권,260800,결제완료
O0400038,2025-04-03,C0637,지방,63500,결제완료
O0400039,2025-04-29,C0167,수도권,26700,결제완료
O0400040,2025-04-29,C0105,수도권,66400,결제완료
O0400041,2025-04-04,C0399,지방,75900,결제완료
O0400042,2025-04-10,C0545,수도권,189600,결제완료
O0400043,2025-04-14,C0474,수도권,298700,결제완료
O0400044,2025-04-03,C0626,수도권,265000,결제완료
O0400045,2025-04-06,C0173,수도권,189700,결제완료
O0400046,2025-04-23,C0255,지방,193400,결제완료
O0400047,2025-04-13,C0247,지방,168700,결제완료
O0400048,2025-04-07,C0403,수도권,157100,취소
O0400049,2025-04-07,C0371,지방,76900,결제완료
O0400050,2025-04-03,C0025,수도권,278700,결제완료
O0400051,2025-04-26,C0294,수도권,265100,결제완료
O0400052,2025-04-06,C0614,제주,208600,결제완료
O0400053,2025-04-09,C0755,수도권,218200,취소
O0400054,2025-04-17,C0107,수도권,255000,결제완료
O0400055,2025-04-25,C0137,지방,111600,결제완료
O0400056,2025-04-22,C0525,수도권,276300,결제완료
O0400057,2025-04-18,C0401,수도권,192600,결제완료
O0400058,2025-04-23,C0775,수도권,218800,결제완료
O0400059,2025-04-21,C0352,수도권,7400,결제완료
O0400060,2025-04-14,C0728,수도권,162000,결제완료
O0400061,2025-04-09,C0484,지방,246100,결제완료
O0400062,2025-04-02,C0030,제주,192200,결제완료
O0400063,2025-04-02,C0717,수도권,248900,결제완료
O0400064,2025-04-03,C0585,수도권,17800,결제완료
O0400065,2025-04-10,C0227,수도권,77500,결제완료
O0400066,2025-04-22,C0697,지방,41800,결제완료
O0400067,2025-04-19,C0552,수도권,53200,결제완료
O0400068,2025-04-06,C0209,지방,19600,결제완료
O0400069,2025-04-23,C0731,수도권,179800,결제완료
O0400070,2025-04-20,C0741,수도권,282300,결제완료
O0400071,2025-04-13,C0189,수도권,217900,결제완료
O0400072,2025-04-02,C0205,지방,298500,결제완료
O0400073,2025-04-07,C0034,수도권,198900,결제완료
O0400074,2025-04-23,C0360,수도권,250100,결제완료
O0400075,2025-04-22,C0365,지방,44500,결제완료
O0400076,2025-04-19,C0728,지방,230700,결제완료
O0400077,2025-04-11,C0538,수도권,90700,결제완료
O0400078,2025-04-25,C0748,수도권,284200,결제완료
O0400079,2025-04-13,C0062,수도권,69900,결제완료
O0400080,2025-04-13,C0358,지방,257100,결제완료
O0400081,2025-04-23,C0595,수도권,215100,결제완료
O0400082,2025-04-28,C0467,제주,287400,결제완료
O0400083,2025-04-25,C0278,수도권,29000,결제완료
O0400084,2025-04-05,C0263,수도권,135000,결제완료
O0400085,2025-04-08,C0370,지방,129600,결제완료
O0400086,2025-04-04,C0594,수도권,283600,결제완료
O0400087,2025-04-28,C0757,지방,201600,결제완료
O0400088,2025-04-28,C0398,지방,110900,결제완료
O0400089,2025-04-26,C0129,수도권,246800,결제완료
O0400090,2025-04-13,C0528,수도권,145700,결제완료
O0400091,2025-04-26,C0670,수도권,154400,결제완료
O0400092,2025-04-04,C0088,수도권,17900,결제완료
O0400093,2025-04-13,C0617,지방,97500,결제완료
O0400094,2025-04-11,C0213,지방,96200,결제완료
O0400095,2025-04-13,C0102,수도권,218900,결제완료
O0400096,2025-04-09,C0494,수도권,212900,결제완료
O0400097,2025-04-29,C0763,지방,63500,결제완료
O0400098,2025-04-23,C0129,수도권,241300,결제완료
O0400099,2025-04-26,C0430,지방,136100,결제완료
O0400100,2025-04-29,C0303,수도권,21000,결제완료
O0400101,2025-04-06,C0221,수도권,102200,결제완료
O0400102,2025-04-08,C0282,지방,74200,결제완료
O0400103,2025-04-12,C0177,수도권,28600,결제완료
O0400104,2025-04-07,C0316,지방,260000,결제완료
O0400105,2025-04-24,C0067,지방,266100,결제완료
O0400106,2025-04-04,C0081,제주,131500,결제완료
O0400107,2025-04-17,C0452,수도권,198200,취소
O0400108,2025-04-06,C0230,지방,128500,결제완료
O0400109,2025-04-20,C0231,수도권,279400,결제완료
O0400110,2025-04-06,C0495,수도권,50800,결제완료
O0400111,2025-04-19,C0754,수도권,66600,결제완료
O0400112,2025-04-12,C0730,지방,223500,결제완료
O0400113,2025-04-10,C0762,수도권,198100,결제완료
O0400114,2025-04-17,C0236,수도권,138400,결제완료
O0400115,2025-04-01,C0772,수도권,108600,결제완료
O0400116,2025-04-17,C0088,수도권,298000,결제완료
O0400117,2025-04-16,C0662,지방,45900,결제완료
O0400118,2025-04-03,C0606,수도권,14600,결제완료
O0400119,2025-04-21,C0288,수도권,95900,결제완료
O0400120,2025-04-25,C0048,수도권,217700,결제완료
O0400121,2025-04-11,C0481,수도권,182900,결제완료
O0400122,2025-04-10,C0516,지방,210600,결제완료
O0400123,2025-04-21,C0442,수도권,15300,결제완료
O0400124,2025-04-03,C0193,지방,279900,결제완료
O0400125,2025-04-02,C0368,지방,280600,결제완료
O0400126,2025-04-30,C0448,지방,262600,결제완료
O0400127,2025-04-10,C0193,수도권,187000,결제완료
O0400128,2025-04-15,C0387,수도권,141100,결제완료
O0400129,2025-04-24,C0257,지방,82400,결제완료
O0400130,2025-04-30,C0136,수도권,245900,결제완료
O0400131,2025-04-04,C0223,지방,241500,결제완료
O0400132,2025-04-02,C0249,수도권,233900,결제완료
O0400133,2025-04-19,C0434,수도권,145100,결제완료
O0400134,2025-04-09,C0295,제주,282000,결제완료
O0400135,2025-04-01,C0324,수도권,244400,취소
O0400136,2025-04-13,C0394,수도권,178000,결제완료
O0400137,2025-04-11,C0250,지방,207100,결제완료
O0400138,2025-04-01,C0383,수도권,246300,결제완료
O0400139,2025-04-22,C0502,지방,206300,취소
O0400140,2025-04-13,C0002,수도권,139300,결제완료
O0400141,2025-04-18,C0107,지방,255000,결제완료
O0400142,2025-04-11,C0385,수도권,14500,결제완료
O0400143,2025-04-13,C0660,지방,26800,결제완료
O0400144,2025-04-08,C0644,지방,188400,결제완료
O0400145,2025-04-29,C0377,수도권,266000,결제완료
O0400146,2025-04-09,C0145,수도권,131500,결제완료
O0400147,2025-04-01,C0791,지방,247900,결제완료
O0400148,2025-04-01,C0475,수도권,102000,결제완료
O0400149,2025-04-09,C0072,수도권,114000,결제완료
O0400150,2025-04-16,C0548,수도권,234900,결제완료
O0400151,2025-04-14,C0612,수도권,252100,결제완료
O0400152,2025-04-27,C0107,지방,199400,결제완료
O0400153,2025-04-13,C0619,수도권,66100,결제완료
O0400154,2025-04-06,C0519,지방,67200,결제완료
O0400155,2025-04-15,C0298,수도권,220000,결제완료
O0400156,2025-04-27,C0289,수도권,228800,결제완료
O0400157,2025-04-26,C0443,수도권,74400,결제완료
O0400158,2025-04-22,C0511,수도권,149000,결제완료
O0400159,2025-04-26,C0212,지방,252500,결제완료
O0400160,2025-04-13,C0401,수도권,58100,결제완료
O0400161,2025-04-29,C0478,제주,190900,결제완료
O0400162,2025-04-23,C0136,수도권,156100,결제완료
O0400163,2025-04-22,C0334,지방,17700,결제완료
O0400164,2025-04-19,C0406,수도권,44300,결제완료
O0400165,2025-04-09,C0186,수도권,110200,결제완료
O0400166,2025-04-06,C0194,지방,172200,결제완료
O0400167,2025-04-12,C0704,수도권,202100,결제완료
O0400168,2025-04-14,C0182,수도권,40100,결제완료
O0400169,2025-04-24,C0294,지방,288100,결제완료
O0400170,2025-04-15,C0419,수도권,220300,결제완료
O0400171,2025-04-28,C0800,지방,123300,결제완료
O0400172,2025-04-10,C0490,제주,179400,결제완료
O0400173,2025-04-18,C0634,수도권,214100,결제완료
O0400174,2025-04-27,C0699,수도권,134600,결제완료
O0400175,2025-04-09,C0304,수도권,66900,결제완료
O0400176,2025-04-20,C0509,수도권,164600,결제완료
O0400177,2025-04-22,C0163,제주,62500,결제완료
O0400178,2025-04-17,C0131,수도권,239700,결제완료
O0400179,2025-04-19,C0084,수도권,296100,결제완료
O0400180,2025-04-22,C0474,수도권,37800,결제완료
O0400181,2025-04-24,C0300,수도권,65700,결제완료
O0400182,2025-04-17,C0234,지방,59900,결제완료
O0400183,2025-04-17,C0608,수도권,72100,결제완료
O0400184,2025-04-29,C0264,지방,55500,결제완료
O0400185,2025-04-12,C0113,지방,101600,결제완료
O0400186,2025-04-30,C0306,수도권,88500,결제완료
O0400187,2025-04-21,C0432,수도권,46700,결제완료
O0400188,2025-04-07,C0323,지방,236700,결제완료
O0400189,2025-04-03,C0006,수도권,249000,결제완료
O0400190,2025-04-07,C0619,지방,272500,결제완료
O0400191,2025-04-22,C0662,지방,92000,결제완료
O0400192,2025-04-20,C0195,수도권,291000,결제완료
O0400193,2025-04-18,C0800,수도권,233200,결제완료
O0400194,2025-04-29,C0186,수도권,172300,결제완료
O0400195,2025-04-16,C0780,수도권,151000,결제완료
O0400196,2025-04-30,C0257,수도권,50800,결제완료
O0400197,2025-04-24,C0200,수도권,54800,결제완료
O0400198,2025-04-18,C0063,수도권,110700,결제완료
O0400199,2025-04-11,C0208,수도권,28800,결제완료
O0400200,2025-04-27,C0028,수도권,123700,결제완료
O0400201,2025-04-27,C0099,지방,51700,결제완료
O0400202,2025-04-27,C0039,수도권,189800,결제완료
O0400203,2025-04-14,C0710,지방,202300,결제완료
O0400204,2025-04-23,C0636,수도권,171000,결제완료
O0400205,2025-04-04,C0679,지방,170100,결제완료
O0400206,2025-04-03,C0230,수도권,99600,결제완료
O0400207,2025-04-12,C0477,지방,49900,결제완료
O0400208,2025-04-18,C0352,지방,46500,결제완료
O0400209,2025-04-03,C0358,수도권,182400,결제완료
O0400210,2025-04-07,C0464,수도권,128700,결제완료
O0400211,2025-04-01,C0336,지방,18100,결제완료
O0400212,2025-04-18,C0548,지방,46800,결제완료
O0400213,2025-04-21,C0176,지방,223100,결제완료
O0400214,2025-04-16,C0763,수도권,203400,결제완료
O0400215,2025-04-16,C0341,수도권,32000,결제완료
O0400216,2025-04-24,C0076,수도권,220000,결제완료
O0400217,2025-04-05,C0470,수도권,138500,결제완료
O0400218,2025-04-09,C0603,지방,215200,결제완료
O0400219,2025-04-08,C0730,지방,11900,결제완료
O0400220,2025-04-25,C0660,수도권,261100,결제완료
O0400221,2025-04-14,C0299,수도권,186500,결제완료
O0400222,2025-04-21,C0226,지방,286800,결제완료
O0400223,2025-04-23,C0393,지방,104400,결제완료
O0400224,2025-04-07,C0795,수도권,196000,결제완료
O0400225,2025-04-24,C0278,수도권,275600,결제완료
O0400226,2025-04-21,C0749,수도권,235800,결제완료
O0400227,2025-04-02,C0355,수도권,38800,결제완료
O0400228,2025-04-27,C0609,지방,68800,결제완료
O0400229,2025-04-04,C0048,수도권,262900,결제완료
O0400230,2025-04-16,C0346,지방,79000,결제완료
O0400231,2025-04-15,C0741,수도권,248700,결제완료
O0400232,2025-04-09,C0070,수도권,71400,결제완료
O0400233,2025-04-27,C0739,지방,117700,결제완료
O0400234,2025-04-28,C0330,수도권,65700,결제완료
O0400235,2025-04-15,C0123,지방,75600,취소
O0400236,2025-04-23,C0542,제주,143400,결제완료
O0400237,2025-04-14,C0156,수도권,148100,결제완료
O0400238,2025-04-09,C0547,수도권,261900,결제완료
O0400239,2025-04-02,C0659,수도권,53600,결제완료
O0400240,2025-04-12,C0117,수도권,250300,결제완료
O0400241,2025-04-20,C0580,수도권,9300,결제완료
O0400242,2025-04-19,C0684,수도권,64900,결제완료
O0400243,2025-04-02,C0308,제주,230100,결제완료
O0400244,2025-04-02,C0166,지방,290700,결제완료
O0400245,2025-04-17,C0116,수도권,222700,결제완료
O0400246,2025-04-28,C0353,수도권,223500,결제완료
O0400247,2025-04-21,C0408,지방,288500,결제완료
O0400248,2025-04-08,C0660,수도권,102600,결제완료
O0400249,2025-04-17,C0693,수도권,52900,결제완료
O0400250,2025-04-05,C0069,수도권,10300,결제완료
O0400251,2025-04-29,C0692,지방,100600,결제완료
O0400252,2025-04-28,C0093,지방,113300,결제완료
O0400253,2025-04-23,C0593,지방,196500,결제완료
O0400254,2025-04-11,C0389,지방,183500,결제완료
O0400255,2025-04-21,C0662,수도권,267800,결제완료
O0400256,2025-04-28,C0520,수도권,96900,결제완료
O0400257,2025-04-29,C0336,수도권,111500,결제완료
O0400258,2025-04-19,C0209,수도권,215400,결제완료
O0400259,2025-04-11,C0558,수도권,161800,결제완료
O0400260,2025-04-01,C0072,수도권,253600,결제완료
O0400261,2025-04-05,C0378,수도권,127300,결제완료
O0400262,2025-04-11,C0058,지방,281500,결제완료
O0400263,2025-04-12,C0304,수도권,180500,취소
O0400264,2025-04-08,C0567,수도권,55400,결제완료
O0400265,2025-04-12,C0280,수도권,220800,결제완료
O0400266,2025-04-06,C0256,수도권,62600,결제완료
O0400267,2025-04-18,C0635,지방,62600,결제완료
O0400268,2025-04-11,C0253,지방,128700,결제완료
O0400269,2025-04-30,C0133,수도권,109000,결제완료
O0400270,2025-04-06,C0697,제주,133900,결제완료
O0400271,2025-04-17,C0363,수도권,172500,결제완료
O0400272,2025-04-04,C0292,지방,157600,결제완료
O0400273,2025-04-12,C0332,수도권,221600,결제완료
O0400274,2025-04-24,C0387,수도권,141000,결제완료
O0400275,2025-04-30,C0238,수도권,293000,결제완료
O0400276,2025-04-18,C0208,수도권,71200,취소
O0400277,2025-04-21,C0096,지방,96800,결제완료
O0400278,2025-04-19,C0706,지방,247400,결제완료
O0400279,2025-04-24,C0725,지방,124500,결제완료
O0400280,2025-04-23,C0447,지방,71500,결제완료
O0400281,2025-04-08,C0617,수도권,73300,결제완료
O0400282,2025-04-18,C0263,수도권,82300,결제완료
O0400283,2025-04-29,C0791,수도권,198600,결제완료
O0400284,2025-04-07,C0416,지방,117900,취소
O0400285,2025-04-30,C0493,수도권,118700,결제완료
O0400286,2025-04-05,C0678,수도권,129500,결제완료
O0400287,2025-04-25,C0039,수도권,13700,결제완료
O0400288,2025-04-10,C0346,수도권,187200,결제완료
O0400289,2025-04-21,C0085,수도권,110000,결제완료
O0400290,2025-04-15,C0664,지방,244600,결제완료
O0400291,2025-04-17,C0123,지방,156000,결제완료
O0400292,2025-04-12,C0396,수도권,211900,결제완료
O0400293,2025-04-11,C0565,제주,200800,결제완료
O0400294,2025-04-04,C0515,수도권,139700,결제완료
O0400295,2025-04-09,C0038,지방,207600,결제완료
O0400296,2025-04-18,C0354,수도권,234300,결제완료
O0400297,2025-04-27,C0154,지방,192800,결제완료
O0400298,2025-04-17,C0275,지방,69200,결제완료
O0400299,2025-04-07,C0029,지방,296500,결제완료
O0400300,2025-04-06,C0131,수도권,95300,결제완료
O0400301,2025-04-22,C0114,수도권,212000,결제완료
O0400302,2025-04-07,C0505,지방,75700,결제완료
O0400303,2025-04-30,C0761,지방,223600,결제완료
O0400304,2025-04-05,C0594,제주,99600,결제완료
O0400305,2025-04-16,C0712,지방,42600,결제완료
O0400306,2025-04-06,C0646,수도권,113400,결제완료
O0400307,2025-04-22,C0340,제주,58100,결제완료
O0400308,2025-04-19,C0759,수도권,27700,결제완료
O0400309,2025-04-06,C0657,지방,168600,결제완료
O0400310,2025-04-02,C0588,수도권,157100,결제완료
O0400311,2025-04-22,C0566,수도권,240500,결제완료
O0400312,2025-04-16,C0004,수도권,221700,결제완료
O0400313,2025-04-05,C0740,수도권,229300,결제완료
O0400314,2025-04-30,C0541,지방,213000,결제완료
O0400315,2025-04-21,C0432,수도권,226300,결제완료
O0400316,2025-04-24,C0502,수도권,62400,결제완료
O0400317,2025-04-21,C0669,지방,114600,결제완료
O0400318,2025-04-07,C0626,수도권,194800,결제완료
O0400319,2025-04-13,C0760,수도권,228100,결제완료
O0400320,2025-04-14,C0673,지방,74500,결제완료
O0400321,2025-04-11,C0255,지방,44400,결제완료
O0400322,2025-04-07,C0776,지방,271300,결제완료
O0400323,2025-04-12,C0460,수도권,115500,결제완료
O0400324,2025-04-10,C0455,지방,175100,결제완료
O0400325,2025-04-20,C0565,수도권,234500,결제완료
O0400326,2025-04-27,C0189,지방,30700,결제완료
O0400327,2025-04-13,C0693,수도권,47100,결제완료
O0400328,2025-04-29,C0400,수도권,25600,결제완료
O0400329,2025-04-30,C0243,지방,78900,취소
O0400330,2025-04-27,C0751,수도권,290800,결제완료
O0400331,2025-04-18,C0691,수도권,10900,결제완료
O0400332,2025-04-16,C0798,지방,34200,결제완료
O0400333,2025-04-14,C0131,수도권,155000,결제완료
O0400334,2025-04-18,C0111,지방,273500,결제완료
O0400335,2025-04-09,C0611,수도권,105700,결제완료
O0400336,2025-04-11,C0770,수도권,95500,결제완료
O0400337,2025-04-20,C0052,수도권,206200,결제완료
O0400338,2025-04-05,C0559,수도권,32100,결제완료
O0400339,2025-04-26,C0643,수도권,100900,결제완료
O0400340,2025-04-28,C0206,수도권,243200,취소
O0400341,2025-04-15,C0411,지방,268600,결제완료
O0400342,2025-04-27,C0702,지방,232100,결제완료
O0400343,2025-04-11,C0239,수도권,155000,결제완료
O0400344,2025-04-13,C0547,수도권,191400,결제완료
O0400345,2025-04-04,C0229,수도권,186200,결제완료
O0400346,2025-04-26,C0375,수도권,40400,취소
O0400347,2025-04-12,C0082,지방,62500,결제완료
O0400348,2025-04-16,C0741,수도권,110700,결제완료
O0400349,2025-04-01,C0358,수도권,46300,결제완료
O0400350,2025-04-28,C0647,수도권,157700,취소
O0400351,2025-04-23,C0529,수도권,287400,결제완료
O0400352,2025-04-24,C0688,수도권,262200,결제완료
O0400353,2025-04-13,C0289,지방,293800,결제완료
O0400354,2025-04-07,C0369,지방,110500,결제완료
O0400355,2025-04-19,C0042,수도권,174900,결제완료
O0400356,2025-04-16,C0010,지방,105000,취소
O0400357,2025-04-01,C0149,수도권,103600,결제완료
O0400358,2025-04-28,C0347,지방,88700,취소
O0400359,2025-04-25,C0276,수도권,281500,결제완료
O0400360,2025-04-28,C0424,수도권,214600,결제완료
O0400361,2025-04-08,C0068,지방,120700,결제완료
O0400362,2025-04-22,C0800,지방,204300,결제완료
O0400363,2025-04-16,C0260,수도권,34200,결제완료
O0400364,2025-04-11,C0010,수도권,289200,결제완료
O0400365,2025-04-10,C0500,지방,118800,결제완료
O0400366,2025-04-25,C0373,지방,132300,결제완료
O0400367,2025-04-05,C0015,수도권,55500,결제완료
O0400368,2025-04-26,C0249,지방,296300,결제완료
O0400369,2025-04-23,C0687,지방,86000,결제완료
O0400370,2025-04-20,C0124,수도권,189800,결제완료
O0400371,2025-04-09,C0416,수도권,110600,결제완료
O0400372,2025-04-12,C0058,지방,210700,결제완료
O0400373,2025-04-09,C0326,수도권,289300,결제완료
O0400374,2025-04-08,C0627,수도권,197500,결제완료
O0400375,2025-04-20,C0307,지방,159400,결제완료
O0400376,2025-04-23,C0699,수도권,275100,취소
O0400377,2025-04-20,C0085,수도권,279100,결제완료
O0400378,2025-04-11,C0206,제주,46400,결제완료
O0400379,2025-04-13,C0685,지방,196900,결제완료
O0400380,2025-04-29,C0124,지방,210500,결제완료
O0400381,2025-04-18,C0318,수도권,86600,결제완료
O0400382,2025-04-04,C0246,지방,109400,결제완료
O0400383,2025-04-19,C0675,지방,247900,결제완료
O0400384,2025-04-20,C0365,수도권,53100,결제완료
O0400385,2025-04-29,C0026,수도권,94200,결제완료
O0400386,2025-04-10,C0289,지방,199400,취소
O0400387,2025-04-27,C0317,수도권,92900,결제완료
O0400388,2025-04-02,C0075,수도권,176800,결제완료
O0400389,2025-04-11,C0547,수도권,257800,결제완료
O0400390,2025-04-19,C0259,제주,90700,결제완료
O0400391,2025-04-20,C0057,수도권,27400,결제완료
O0400392,2025-04-19,C0212,지방,35100,결제완료
O0400393,2025-04-17,C0297,제주,174700,결제완료
O0400394,2025-04-24,C0045,지방,238200,결제완료
O0400395,2025-04-14,C0443,수도권,219800,결제완료
O0400396,2025-04-10,C0588,제주,255600,결제완료
O0400397,2025-04-06,C0320,수도권,96200,결제완료
O0400398,2025-04-16,C0270,지방,208800,결제완료
O0400399,2025-04-01,C0260,수도권,261500,결제완료
O0400400,2025-04-25,C0628,지방,272100,결제완료
O0400401,2025-04-18,C0561,제주,259500,결제완료
O0400402,2025-04-24,C0409,수도권,238300,결제완료
O0400403,2025-04-04,C0452,지방,179400,결제완료
O0400404,2025-04-09,C0274,수도권,169800,결제완료
O0400405,2025-04-21,C0181,수도권,80400,결제완료
O0400406,2025-04-20,C0319,지방,297500,결제완료
O0400407,2025-04-25,C0582,제주,136600,결제완료
O0400408,2025-04-28,C0698,제주,95000,결제완료
O0400409,2025-04-26,C0503,수도권,107500,결제완료
O0400410,2025-04-01,C0121,수도권,208700,취소
O0400411,2025-04-04,C0525,제주,238500,결제완료
O0400412,2025-04-10,C0785,지방,135100,결제완료
O0400413,2025-04-16,C0117,수도권,117400,취소
O0400414,2025-04-14,C0719,지방,63100,결제완료
O0400415,2025-04-28,C0299,지방,80800,결제완료
O0400416,2025-04-11,C0241,지방,272700,결제완료
O0400417,2025-04-01,C0173,수도권,95600,결제완료
O0400418,2025-04-09,C0450,수도권,286100,결제완료
O0400419,2025-04-12,C0141,수도권,174400,결제완료
O0400420,2025-04-19,C0548,수도권,7100,결제완료
O0400421,2025-04-04,C0224,지방,293100,결제완료
O0400422,2025-04-13,C0659,수도권,32200,결제완료
O0400423,2025-04-03,C0068,수도권,45200,결제완료
O0400424,2025-04-17,C0281,수도권,124900,결제완료
O0400425,2025-04-07,C0006,지방,128800,결제완료
O0400426,2025-04-19,C0333,지방,210800,결제완료
O0400427,2025-04-10,C0415,수도권,175700,결제완료
O0400428,2025-04-04,C0007,수도권,34500,결제완료
O0400429,2025-04-07,C0741,지방,244100,결제완료
O0400430,2025-04-13,C0415,지방,198100,결제완료
O0400431,2025-04-04,C0433,지방,16200,결제완료
O0400432,2025-04-07,C0575,수도권,211000,결제완료
O0400433,2025-04-20,C0165,수도권,31600,결제완료
O0400434,2025-04-21,C0149,수도권,267600,결제완료
O0400435,2025-04-14,C0746,수도권,219500,결제완료
O0400436,2025-04-13,C0389,수도권,154100,결제완료
O0400437,2025-04-13,C0220,수도권,216800,결제완료
O0400438,2025-04-01,C0371,수도권,45300,결제완료
O0400439,2025-04-04,C0014,수도권,193400,결제완료
O0400440,2025-04-04,C0706,수도권,124400,결제완료
O0400441,2025-04-30,C0680,지방,271300,결제완료
O0400442,2025-04-03,C0294,수도권,166900,결제완료
O0400443,2025-04-02,C0158,지방,89100,결제완료
O0400444,2025-04-04,C0518,지방,183200,결제완료
O0400445,2025-04-04,C0102,지방,114800,결제완료
O0400446,2025-04-07,C0257,지방,71500,결제완료
O0400447,2025-04-03,C0665,수도권,174300,결제완료
O0400448,2025-04-08,C0545,수도권,74400,결제완료
O0400449,2025-04-27,C0113,지방,119000,결제완료
O0400450,2025-04-03,C0091,지방,154300,결제완료
O0400451,2025-04-04,C0255,수도권,20000,결제완료
O0400452,2025-04-16,C0454,수도권,178800,결제완료
O0400453,2025-04-16,C0097,지방,95300,결제완료
O0400454,2025-04-28,C0056,제주,73100,결제완료
O0400455,2025-04-25,C0533,제주,110500,결제완료
O0400456,2025-04-05,C0075,수도권,237400,결제완료
O0400457,2025-04-03,C0129,지방,165600,결제완료
O0400458,2025-04-26,C0338,수도권,87700,결제완료
O0400459,2025-04-23,C0376,수도권,93300,결제완료
O0400460,2025-04-27,C0791,지방,190700,결제완료
O0400461,2025-04-17,C0370,지방,275600,결제완료
O0400462,2025-04-13,C0479,수도권,272100,결제완료
O0400463,2025-04-13,C0309,지방,106900,결제완료
O0400464,2025-04-29,C0332,수도권,188500,결제완료
O0400465,2025-04-24,C0242,지방,281700,취소
O0400466,2025-04-11,C0203,제주,264500,결제완료
O0400467,2025-04-24,C0220,수도권,61600,결제완료
O0400468,2025-04-02,C0763,지방,170200,결제완료
O0400469,2025-04-13,C0249,수도권,291700,결제완료
O0400470,2025-04-04,C0785,수도권,69200,결제완료
O0400471,2025-04-16,C0404,수도권,15100,결제완료
O0400472,2025-04-11,C0547,지방,175400,결제완료
O0400473,2025-04-17,C0024,지방,99500,결제완료
O0400474,2025-04-06,C0472,제주,119000,결제완료
O0400475,2025-04-04,C0162,수도권,88200,결제완료
O0400476,2025-04-25,C0141,수도권,129200,결제완료
O0400477,2025-04-26,C0435,지방,208800,결제완료
O0400478,2025-04-01,C0204,수도권,266800,결제완료
O0400479,2025-04-19,C0466,지방,46400,결제완료
O0400480,2025-04-27,C0205,제주,171300,결제완료
O0400481,2025-04-06,C0234,지방,67800,결제완료
O0400482,2025-04-11,C0371,지방,170800,결제완료
O0400483,2025-04-17,C0347,수도권,20800,결제완료
O0400484,2025-04-18,C0314,수도권,104800,결제완료
O0400485,2025-04-05,C0020,지방,136800,결제완료
O0400486,2025-04-26,C0474,수도권,108600,결제완료
O0400487,2025-04-01,C0345,수도권,169000,결제완료
O0400488,2025-04-02,C0160,지방,79900,결제완료
O0400489,2025-04-20,C0296,지방,241800,결제완료
O0400490,2025-04-28,C0685,지방,260400,결제완료
O0400491,2025-04-12,C0133,수도권,262300,결제완료
O0400492,2025-04-18,C0761,수도권,86900,결제완료
O0400493,2025-04-08,C0636,지방,44400,결제완료
O0400494,2025-04-20,C0285,제주,222800,결제완료
O0400495,2025-04-30,C0210,지방,136200,결제완료
O0400496,2025-04-25,C0423,수도권,185700,결제완료
O0400497,2025-04-05,C0634,수도권,146800,결제완료
O0400498,2025-04-05,C0640,수도권,223200,결제완료
O0400499,2025-04-12,C0766,지방,35000,결제완료
O0400500,2025-04-14,C0622,지방,42500,결제완료
O0400501,2025-04-25,C0050,수도권,238700,결제완료
O0400502,2025-04-26,C0386,수도권,259400,결제완료
O0400503,2025-04-20,C0086,제주,88600,결제완료
O0400504,2025-04-19,C0492,수도권,25600,결제완료
O0400505,2025-04-26,C0142,수도권,59400,결제완료
O0400506,2025-04-16,C0786,지방,130100,결제완료
O0400507,2025-04-04,C0460,수도권,280000,결제완료
O0400508,2025-04-09,C0626,수도권,87400,결제완료
O0400509,2025-04-23,C0619,수도권,43300,결제완료
O0400510,2025-04-10,C0296,제주,101700,결제완료
O0400511,2025-04-10,C0015,지방,170300,결제완료
O0400512,2025-04-10,C0166,제주,28700,결제완료
O0400513,2025-04-17,C0438,수도권,236700,결제완료
O0400514,2025-04-01,C0224,수도권,260600,결제완료
O0400515,2025-04-29,C0352,수도권,226700,결제완료
O0400516,2025-04-30,C0106,수도권,69100,결제완료
O0400517,2025-04-04,C0756,수도권,184000,결제완료
O0400518,2025-04-16,C0582,제주,144800,취소
O0400519,2025-04-30,C0366,수도권,235500,결제완료
O0400520,2025-04-23,C0097,수도권,225500,결제완료
O0400521,2025-04-05,C0158,지방,23000,결제완료
O0400522,2025-04-18,C0762,수도권,262800,결제완료
O0400523,2025-04-20,C0539,수도권,74900,결제완료
O0400524,2025-04-02,C0294,수도권,168100,결제완료
O0400525,2025-04-03,C0747,수도권,248100,결제완료
O0400526,2025-04-19,C0702,수도권,158900,결제완료
O0400527,2025-04-30,C0092,수도권,99600,결제완료
O0400528,2025-04-29,C0490,수도권,73400,결제완료
O0400529,2025-04-27,C0103,수도권,271100,결제완료
O0400530,2025-04-08,C0729,수도권,273600,결제완료
O0400531,2025-04-07,C0163,지방,164800,결제완료
O0400532,2025-04-07,C0469,지방,72000,결제완료
O0400533,2025-04-15,C0058,지방,298800,결제완료
O0400534,2025-04-09,C0374,지방,182800,결제완료
O0400535,2025-04-26,C0743,지방,255300,결제완료
O0400536,2025-04-09,C0403,수도권,80600,결제완료
O0400537,2025-04-07,C0588,수도권,237900,결제완료
O0400538,2025-04-18,C0222,지방,177600,결제완료
O0400539,2025-04-09,C0605,수도권,169200,결제완료
O0400540,2025-04-05,C0307,제주,129600,결제완료
O0400541,2025-04-27,C0794,지방,135700,결제완료
O0400542,2025-04-14,C0719,지방,43000,결제완료
O0400543,2025-04-01,C0707,지방,102200,결제완료
O0400544,2025-04-30,C0063,수도권,291600,결제완료
O0400545,2025-04-20,C0161,수도권,290900,결제완료
O0400546,2025-04-02,C0739,수도권,209100,취소
O0400547,2025-04-15,C0092,수도권,135600,결제완료
O0400548,2025-04-20,C0575,수도권,150200,결제완료
O0400549,2025-04-02,C0573,지방,97300,결제완료
O0400550,2025-04-02,C0621,지방,179400,결제완료
O0400551,2025-04-03,C0286,수도권,138900,결제완료
O0400552,2025-04-29,C0520,수도권,75800,결제완료
O0400553,2025-04-19,C0366,수도권,102500,결제완료
O0400554,2025-04-28,C0078,수도권,51600,결제완료
O0400555,2025-04-25,C0292,수도권,241800,결제완료
O0400556,2025-04-06,C0490,수도권,152000,결제완료
O0400557,2025-04-21,C0149,수도권,289700,결제완료
O0400558,2025-04-15,C0574,수도권,274200,결제완료
O0400559,2025-04-10,C0737,지방,251500,결제완료
O0400560,2025-04-24,C0736,수도권,75800,결제완료
O0400561,2025-04-13,C0305,지방,263600,결제완료
O0400562,2025-04-18,C0001,지방,16400,결제완료
O0400563,2025-04-20,C0664,지방,47300,결제완료
O0400564,2025-04-22,C0710,제주,55200,결제완료
O0400565,2025-04-07,C0729,지방,172300,결제완료
O0400566,2025-04-19,C0741,수도권,226200,결제완료
O0400567,2025-04-11,C0143,제주,103600,결제완료
O0400568,2025-04-05,C0135,수도권,135000,결제완료
O0400569,2025-04-11,C0157,수도권,216400,결제완료
O0400570,2025-04-27,C0138,수도권,103700,결제완료
O0400571,2025-04-16,C0740,수도권,262100,결제완료
O0400572,2025-04-26,C0427,지방,213400,결제완료
O0400573,2025-04-25,C0754,지방,167800,결제완료
O0400574,2025-04-18,C0387,수도권,202000,결제완료
O0400575,2025-04-25,C0540,지방,35400,결제완료
O0400576,2025-04-16,C0183,지방,32800,결제완료
O0400577,2025-04-15,C0012,제주,280600,결제완료
O0400578,2025-04-11,C0506,지방,265900,결제완료
O0400579,2025-04-10,C0123,수도권,154500,결제완료
O0400580,2025-04-08,C0674,수도권,52700,결제완료
O0400581,2025-04-08,C0309,수도권,40400,결제완료
O0400582,2025-04-27,C0230,수도권,250400,결제완료
O0400583,2025-04-22,C0594,지방,142900,결제완료
O0400584,2025-04-05,C0521,지방,71100,결제완료
O0400585,2025-04-23,C0319,수도권,12600,결제완료
O0400586,2025-04-03,C0413,수도권,276600,결제완료
O0400587,2025-04-10,C0332,지방,234000,결제완료
O0400588,2025-04-10,C0526,지방,141200,결제완료
O0400589,2025-04-27,C0322,지방,144600,결제완료
O0400590,2025-04-12,C0066,수도권,74200,결제완료
O0400591,2025-04-20,C0163,수도권,294200,결제완료
O0400592,2025-04-05,C0512,지방,63300,결제완료
O0400593,2025-04-14,C0068,수도권,68200,결제완료
O0400594,2025-04-03,C0268,지방,78300,결제완료
O0400595,2025-04-29,C0083,수도권,88400,결제완료
O0400596,2025-04-20,C0395,수도권,140100,결제완료
O0400597,2025-04-19,C0247,수도권,197900,결제완료
O0400598,2025-04-20,C0734,지방,18100,결제완료
O0400599,2025-04-09,C0497,수도권,107900,취소
O0400600,2025-04-24,C0499,수도권,74000,결제완료
O0400601,2025-04-20,C0192,지방,244800,결제완료
O0400602,2025-04-01,C0385,수도권,162600,결제완료
O0400603,2025-04-08,C0003,수도권,120800,결제완료
O0400604,2025-04-01,C0198,지방,29200,결제완료
O0400605,2025-04-07,C0531,수도권,47800,결제완료
O0400606,2025-04-11,C0476,수도권,160300,결제완료
O0400607,2025-04-18,C0354,지방,52800,결제완료
O0400608,2025-04-12,C0531,지방,229800,결제완료
O0400609,2025-04-05,C0594,지방,52500,결제완료
O0400610,2025-04-29,C0294,지방,234200,결제완료
O0400611,2025-04-02,C0295,지방,67000,결제완료
O0400612,2025-04-27,C0712,수도권,245500,결제완료
O0400613,2025-04-11,C0484,수도권,288400,결제완료
O0400614,2025-04-08,C0555,수도권,258400,결제완료
O0400615,2025-04-26,C0495,지방,82800,결제완료
O0400616,2025-04-15,C0160,제주,240700,결제완료
O0400617,2025-04-28,C0522,지방,113400,결제완료
O0400618,2025-04-26,C0685,지방,73700,결제완료
O0400619,2025-04-19,C0731,지방,94600,결제완료
O0400620,2025-04-20,C0425,수도권,150700,결제완료
O0400621,2025-04-10,C0028,지방,185800,결제완료
O0400622,2025-04-13,C0654,지방,123500,결제완료
O0400623,2025-04-28,C0094,수도권,201300,결제완료
O0400624,2025-04-12,C0451,지방,288600,결제완료
O0400625,2025-04-01,C0333,지방,22800,결제완료
O0400626,2025-04-25,C0354,지방,106600,결제완료
O0400627,2025-04-21,C0572,지방,50400,결제완료
O0400628,2025-04-23,C0132,지방,76200,결제완료
O0400629,2025-04-07,C0546,지방,17100,결제완료
O0400630,2025-04-30,C0544,수도권,75800,결제완료
O0400631,2025-04-18,C0675,수도권,71600,결제완료
O0400632,2025-04-27,C0082,수도권,168300,결제완료
O0400633,2025-04-25,C0769,수도권,22100,결제완료
O0400634,2025-04-26,C0636,지방,210800,결제완료
O0400635,2025-04-25,C0568,수도권,134600,결제완료
O0400636,2025-04-23,C0070,지방,122800,결제완료
O0400637,2025-04-02,C0613,제주,75000,결제완료
O0400638,2025-04-01,C0116,지방,227900,결제완료
O0400639,2025-04-22,C0126,지방,249200,결제완료
O0400640,2025-04-05,C0559,수도권,166200,결제완료
O0400641,2025-04-16,C0329,제주,245300,결제완료
O0400642,2025-04-06,C0466,제주,187600,결제완료
O0400643,2025-04-15,C0307,수도권,208800,결제완료
O0400644,2025-04-02,C0498,제주,170900,결제완료
O0400645,2025-04-25,C0593,수도권,195200,결제완료
O0400646,2025-04-04,C0066,지방,294200,결제완료
O0400647,2025-04-07,C0522,지방,31100,결제완료
O0400648,2025-04-05,C0367,지방,85200,결제완료
O0400649,2025-04-06,C0171,지방,62100,결제완료
O0400650,2025-04-13,C0380,지방,215700,결제완료
O0400651,2025-04-04,C0713,수도권,266700,결제완료
O0400652,2025-04-15,C0048,수도권,130500,결제완료
O0400653,2025-04-29,C0642,제주,210500,결제완료
O0400654,2025-04-25,C0485,수도권,159000,결제완료
O0400655,2025-04-05,C0751,지방,215300,결제완료
O0400656,2025-04-09,C0633,수도권,244200,결제완료
O0400657,2025-04-13,C0061,수도권,179000,결제완료
O0400658,2025-04-30,C0315,수도권,280000,결제완료
O0400659,2025-04-14,C0759,지방,285300,결제완료
O0400660,2025-04-04,C0206,수도권,149000,결제완료
O0400661,2025-04-19,C0078,지방,246300,결제완료
O0400662,2025-04-10,C0072,수도권,253700,결제완료
O0400663,2025-04-28,C0796,지방,9400,결제완료
O0400664,2025-04-25,C0762,수도권,92900,결제완료
O0400665,2025-04-26,C0650,수도권,262100,결제완료
O0400666,2025-04-30,C0592,수도권,76000,결제완료
O0400667,2025-04-18,C0705,지방,69800,결제완료
O0400668,2025-04-21,C0557,수도권,110800,결제완료
O0400669,2025-04-14,C0372,지방,153200,결제완료
O0400670,2025-04-24,C0671,수도권,139400,결제완료
O0400671,2025-04-24,C0105,지방,11100,결제완료
O0400672,2025-04-26,C0414,수도권,41000,결제완료
O0400673,2025-04-15,C0799,제주,5200,결제완료
O0400674,2025-04-13,C0709,수도권,220300,결제완료
O0400675,2025-04-05,C0249,수도권,132400,결제완료
O0400676,2025-04-11,C0707,수도권,205500,결제완료
O0400677,2025-04-21,C0728,수도권,6100,결제완료
O0400678,2025-04-07,C0469,지방,139700,결제완료
O0400679,2025-04-22,C0281,수도권,232800,결제완료
O0400680,2025-04-03,C0749,수도권,65400,결제완료
O0400681,2025-04-02,C0117,수도권,70300,결제완료
O0400682,2025-04-20,C0769,수도권,13200,결제완료
O0400683,2025-04-20,C0702,지방,215500,결제완료
O0400684,2025-04-19,C0398,수도권,112700,취소
O0400685,2025-04-21,C0794,수도권,14300,결제완료
O0400686,2025-04-01,C0443,수도권,285700,결제완료
O0400687,2025-04-24,C0109,지방,156100,결제완료
O0400688,2025-04-05,C0586,지방,261300,결제완료
O0400689,2025-04-01,C0757,수도권,81100,결제완료
O0400690,2025-04-12,C0477,수도권,222800,결제완료
O0400691,2025-04-12,C0030,수도권,183600,결제완료
O0400692,2025-04-17,C0157,수도권,199800,결제완료
O0400693,2025-04-01,C0175,수도권,146600,결제완료
O0400694,2025-04-01,C0325,지방,86500,결제완료
O0400695,2025-04-16,C0229,지방,121600,결제완료
O0400696,2025-04-30,C0236,수도권,219500,결제완료
O0400697,2025-04-03,C0241,수도권,253800,결제완료
O0400698,2025-04-23,C0659,지방,229200,결제완료
O0400699,2025-04-19,C0701,수도권,254500,결제완료
O0400700,2025-04-10,C0147,지방,55800,결제완료
O0400701,2025-04-28,C0292,지방,252200,결제완료
O0400702,2025-04-18,C0565,지방,163200,결제완료
O0400703,2025-04-17,C0300,수도권,215200,취소
O0400704,2025-04-15,C0322,지방,131900,결제완료
O0400705,2025-04-06,C0353,지방,269000,취소
O0400706,2025-04-29,C0191,제주,141000,결제완료
O0400707,2025-04-06,C0580,제주,63700,결제완료
O0400708,2025-04-30,C0652,수도권,245200,결제완료
O0400709,2025-04-18,C0670,수도권,105600,결제완료
O0400710,2025-04-14,C0487,수도권,292700,결제완료
O0400711,2025-04-06,C0338,수도권,289700,결제완료
O0400712,2025-04-28,C0046,제주,197800,결제완료
O0400713,2025-04-28,C0602,지방,39500,결제완료
O0400714,2025-04-26,C0622,수도권,79100,결제완료
O0400715,2025-04-23,C0175,지방,31900,결제완료
O0400716,2025-04-05,C0106,지방,101600,결제완료
O0400717,2025-04-29,C0086,수도권,112800,결제완료
O0400718,2025-04-21,C0057,수도권,157200,결제완료
O0400719,2025-04-04,C0154,수도권,281500,결제완료
O0400720,2025-04-29,C0352,수도권,32700,결제완료
O0400721,2025-04-28,C0302,수도권,173000,결제완료
O0400722,2025-04-03,C0408,수도권,134700,결제완료
O0400723,2025-04-10,C0358,수도권,28900,결제완료
O0400724,2025-04-25,C0038,지방,188800,취소
O0400725,2025-04-04,C0215,수도권,238600,결제완료
O0400726,2025-04-23,C0082,지방,252800,결제완료
O0400727,2025-04-24,C0381,지방,63900,결제완료
O0400728,2025-04-02,C0157,지방,53900,취소
O0400729,2025-04-21,C0008,지방,128900,결제완료
O0400730,2025-04-05,C0375,수도권,71000,결제완료
O0400731,2025-04-08,C0487,지방,251400,결제완료
O0400732,2025-04-20,C0496,수도권,137100,취소
O0400733,2025-04-25,C0351,수도권,228400,취소
O0400734,2025-04-08,C0522,지방,235500,결제완료
O0400735,2025-04-09,C0691,수도권,114800,결제완료
O0400736,2025-04-08,C0788,수도권,185600,결제완료
O0400737,2025-04-17,C0322,수도권,218300,결제완료
O0400738,2025-04-10,C0135,지방,27200,결제완료
O0400739,2025-04-23,C0202,수도권,24900,결제완료
O0400740,2025-04-07,C0175,제주,278200,결제완료
O0400741,2025-04-16,C0140,수도권,235100,결제완료
O0400742,2025-04-16,C0090,수도권,154000,결제완료
O0400743,2025-04-22,C0746,수도권,217600,결제완료
O0400744,2025-04-20,C0119,수도권,231200,결제완료
O0400745,2025-04-21,C0287,수도권,149000,결제완료
O0400746,2025-04-18,C0649,지방,74300,취소
O0400747,2025-04-19,C0537,수도권,26000,결제완료
O0400748,2025-04-16,C0242,수도권,69500,결제완료
O0400749,2025-04-12,C0640,수도권,237700,결제완료
O0400750,2025-04-16,C0622,지방,227300,결제완료
O0400751,2025-04-16,C0457,수도권,264600,결제완료
O0400752,2025-04-09,C0696,수도권,272400,결제완료
O0400753,2025-04-17,C0194,수도권,125300,취소
O0400754,2025-04-14,C0494,수도권,240400,결제완료
O0400755,2025-04-18,C0793,수도권,52700,결제완료
O0400756,2025-04-16,C0104,수도권,251400,결제완료
O0400757,2025-04-28,C0662,지방,53400,결제완료
O0400758,2025-04-14,C0123,수도권,98300,결제완료
O0400759,2025-04-03,C0239,지방,291600,결제완료
O0400760,2025-04-27,C0793,수도권,151700,결제완료
O0400761,2025-04-30,C0135,지방,288000,결제완료
O0400762,2025-04-15,C0097,제주,271100,결제완료
O0400763,2025-04-06,C0549,수도권,20300,결제완료
O0400764,2025-04-07,C0316,지방,111900,결제완료
O0400765,2025-04-09,C0096,지방,184600,결제완료
O0400766,2025-04-13,C0138,수도권,85000,결제완료
O0400767,2025-04-07,C0265,지방,225700,결제완료
O0400768,2025-04-19,C0151,수도권,85800,결제완료
O0400769,2025-04-12,C0127,수도권,247200,결제완료
O0400770,2025-04-06,C0247,수도권,84900,결제완료
O0400771,2025-04-05,C0465,수도권,288500,결제완료
O0400772,2025-04-27,C0063,지방,158100,결제완료
O0400773,2025-04-12,C0316,수도권,277100,결제완료
O0400774,2025-04-04,C0381,지방,94200,결제완료
O0400775,2025-04-10,C0665,수도권,92500,결제완료
O0400776,2025-04-22,C0699,지방,78800,결제완료
O0400777,2025-04-18,C0629,수도권,165400,결제완료
O0400778,2025-04-18,C0132,지방,5700,결제완료
O0400779,2025-04-27,C0191,지방,298200,결제완료
O0400780,2025-04-14,C0462,지방,103900,결제완료
O0400781,2025-04-16,C0624,수도권,75400,결제완료
O0400782,2025-04-14,C0361,수도권,241600,결제완료
O0400783,2025-04-21,C0246,지방,15900,결제완료
O0400784,2025-04-23,C0440,수도권,151200,결제완료
O0400785,2025-04-30,C0696,수도권,123600,결제완료
O0400786,2025-04-23,C0302,수도권,139200,결제완료
O0400787,2025-04-14,C0046,지방,47800,결제완료
O0400788,2025-04-29,C0539,수도권,223900,결제완료
O0400789,2025-04-27,C0142,수도권,65300,결제완료
O0400790,2025-04-21,C0663,수도권,186900,결제완료
O0400791,2025-04-06,C0065,지방,54500,결제완료
O0400792,2025-04-22,C0026,지방,122700,결제완료
O0400793,2025-04-22,C0499,지방,282400,결제완료
O0400794,2025-04-17,C0687,제주,132300,결제완료
O0400795,2025-04-01,C0218,수도권,161000,결제완료
O0400796,2025-04-17,C0501,수도권,291500,결제완료
O0400797,2025-04-27,C0280,지방,73700,결제완료
O0400798,2025-04-13,C0519,지방,251000,결제완료
O0400799,2025-04-02,C0768,수도권,216800,결제완료
O0400800,2025-04-06,C0010,지방,49700,결제완료
O0400801,2025-04-08,C0275,지방,132300,결제완료
O0400802,2025-04-09,C0147,수도권,252900,결제완료
O0400803,2025-04-17,C0528,수도권,71500,결제완료
O0400804,2025-04-09,C0684,수도권,70200,결제완료
O0400805,2025-04-30,C0487,지방,57700,결제완료
O0400806,2025-04-06,C0794,수도권,10300,결제완료
O0400807,2025-04-20,C0497,지방,158300,결제완료
O0400808,2025-04-16,C0524,수도권,15300,결제완료
O0400809,2025-04-22,C0331,수도권,154400,결제완료
O0400810,2025-04-21,C0260,수도권,112500,결제완료
O0400811,2025-04-18,C0616,제주,299700,결제완료
O0400812,2025-04-23,C0293,수도권,173200,결제완료
O0400813,2025-04-26,C0645,지방,189200,결제완료
O0400814,2025-04-01,C0422,지방,115100,결제완료
O0400815,2025-04-16,C0401,수도권,107300,결제완료
O0400816,2025-04-27,C0413,수도권,297700,결제완료
O0400817,2025-04-16,C0242,지방,287100,결제완료
O0400818,2025-04-24,C0663,수도권,81400,결제완료
O0400819,2025-04-24,C0268,수도권,217800,결제완료
O0400820,2025-04-08,C0165,수도권,141900,결제완료
O0400821,2025-04-29,C0101,수도권,217500,결제완료
O0400822,2025-04-05,C0455,수도권,81500,결제완료
O0400823,2025-04-11,C0517,지방,7000,결제완료
O0400824,2025-04-07,C0447,수도권,178100,결제완료
O0400825,2025-04-25,C0242,지방,48900,결제완료
O0400826,2025-04-24,C0688,수도권,251500,결제완료
O0400827,2025-04-11,C0467,지방,127400,취소
O0400828,2025-04-16,C0496,수도권,181900,결제완료
O0400829,2025-04-01,C0101,지방,183200,결제완료
O0400830,2025-04-25,C0765,수도권,164300,결제완료
O0400831,2025-04-20,C0368,지방,216200,결제완료
O0400832,2025-04-06,C0362,수도권,24700,결제완료
O0400833,2025-04-04,C0682,지방,60600,결제완료
O0400834,2025-04-15,C0287,수도권,265100,결제완료
O0400835,2025-04-23,C0540,수도권,141100,결제완료
O0400836,2025-04-10,C0614,수도권,49500,결제완료
O0400837,2025-04-14,C0414,수도권,174600,결제완료
O0400838,2025-04-02,C0333,수도권,83600,결제완료
O0400839,2025-04-06,C0415,제주,138900,결제완료
O0400840,2025-04-07,C0517,수도권,45200,결제완료
O0400841,2025-04-04,C0759,수도권,63300,결제완료
O0400842,2025-04-10,C0612,수도권,79800,취소
O0400843,2025-04-25,C0726,제주,131900,결제완료
O0400844,2025-04-13,C0699,수도권,52500,결제완료
O0400845,2025-04-29,C0375,지방,139300,결제완료
O0400846,2025-04-23,C0727,제주,61000,결제완료
O0400847,2025-04-07,C0380,수도권,211200,결제완료
O0400848,2025-04-12,C0247,지방,280500,결제완료
O0400849,2025-04-01,C0340,지방,32800,결제완료
O0400850,2025-04-29,C0122,제주,260600,결제완료
O0400851,2025-04-25,C0528,수도권,82600,결제완료
O0400852,2025-04-26,C0287,제주,64200,결제완료
O0400853,2025-04-24,C0699,수도권,83400,결제완료
O0400854,2025-04-24,C0307,지방,139200,결제완료
O0400855,2025-04-08,C0256,수도권,113100,결제완료
O0400856,2025-04-25,C0724,지방,288500,결제완료
O0400857,2025-04-13,C0403,지방,79000,결제완료
O0400858,2025-04-13,C0112,수도권,163300,결제완료
O0400859,2025-04-20,C0314,수도권,143500,결제완료
O0400860,2025-04-01,C0141,수도권,194700,결제완료
O0400861,2025-04-01,C0479,지방,72300,결제완료
O0400862,2025-04-22,C0619,지방,250900,결제완료
O0400863,2025-04-08,C0246,지방,255000,결제완료
O0400864,2025-04-05,C0465,수도권,164700,결제완료
O0400865,2025-04-19,C0698,수도권,263100,결제완료
O0400866,2025-04-25,C0173,수도권,141600,결제완료
O0400867,2025-04-13,C0333,수도권,187500,결제완료
O0400868,2025-04-28,C0566,수도권,160000,결제완료
O0400869,2025-04-07,C0723,수도권,55000,결제완료
O0400870,2025-04-08,C0658,수도권,227900,취소
O0400871,2025-04-02,C0196,수도권,232700,결제완료
O0400872,2025-04-30,C0683,제주,81400,취소
O0400873,2025-04-25,C0093,제주,109500,결제완료
O0400874,2025-04-17,C0756,수도권,199200,결제완료
O0400875,2025-04-27,C0796,지방,221800,결제완료
O0400876,2025-04-16,C0322,지방,192600,결제완료
O0400877,2025-04-12,C0216,수도권,62000,결제완료
O0400878,2025-04-22,C0221,수도권,18500,결제완료
O0400879,2025-04-14,C0522,제주,255900,결제완료
O0400880,2025-04-01,C0505,지방,182400,결제완료
O0400881,2025-04-27,C0770,수도권,203300,결제완료
O0400882,2025-04-30,C0116,지방,195200,결제완료
O0400883,2025-04-12,C0679,지방,139500,취소
O0400884,2025-04-16,C0004,지방,31000,취소
O0400885,2025-04-14,C0231,지방,244400,결제완료
O0400886,2025-04-12,C0751,수도권,84900,결제완료
O0400887,2025-04-23,C0786,지방,182800,결제완료
O0400888,2025-04-29,C0271,수도권,10600,결제완료
O0400889,2025-04-12,C0075,수도권,41400,결제완료
O0400890,2025-04-20,C0203,수도권,66500,결제완료
O0400891,2025-04-08,C0414,수도권,237000,결제완료
O0400892,2025-04-02,C0679,수도권,116400,결제완료
O0400893,2025-04-04,C0196,수도권,132100,결제완료
O0400894,2025-04-08,C0098,지방,187400,결제완료
O0400895,2025-04-27,C0201,수도권,119800,결제완료
O0400896,2025-04-04,C0745,수도권,114200,결제완료
O0400897,2025-04-10,C0058,수도권,92100,취소
O0400898,2025-04-18,C0209,지방,74600,결제완료
O0400899,2025-04-22,C0642,지방,210400,결제완료
O0400900,2025-04-19,C0642,수도권,72000,결제완료
O0400901,2025-04-07,C0244,수도권,67900,결제완료
O0400902,2025-04-25,C0059,수도권,252900,결제완료
O0400903,2025-04-15,C0535,지방,95600,결제완료
O0400904,2025-04-08,C0633,지방,39400,결제완료
O0400905,2025-04-26,C0611,수도권,273100,결제완료
O0400906,2025-04-18,C0517,수도권,33700,결제완료
O0400907,2025-04-29,C0628,지방,196900,결제완료
O0400908,2025-04-18,C0043,지방,230100,결제완료
O0400909,2025-04-04,C0436,수도권,221700,결제완료
O0400910,2025-04-12,C0095,수도권,70300,결제완료
O0400911,2025-04-25,C0153,지방,204200,결제완료
O0400912,2025-04-18,C0708,제주,259500,결제완료
O0400913,2025-04-18,C0407,수도권,88800,결제완료
O0400914,2025-04-25,C0308,수도권,164100,결제완료
O0400915,2025-04-03,C0631,수도권,119100,결제완료
O0400916,2025-04-29,C0237,지방,32100,결제완료
O0400917,2025-04-20,C0257,지방,277300,결제완료
O0400918,2025-04-22,C0427,수도권,107500,결제완료
O0400919,2025-04-30,C0571,지방,79900,결제완료
O0400920,2025-04-21,C0743,지방,145700,결제완료
O0400921,2025-04-25,C0382,지방,54800,결제완료
O0400922,2025-04-22,C0417,수도권,36000,결제완료
O0400923,2025-04-17,C0635,제주,116800,결제완료
O0400924,2025-04-29,C0610,지방,100300,결제완료
O0400925,2025-04-21,C0361,수도권,256900,결제완료
O0400926,2025-04-30,C0243,지방,114700,결제완료
O0400927,2025-04-11,C0572,수도권,266400,결제완료
O0400928,2025-04-04,C0686,지방,207400,결제완료
O0400929,2025-04-12,C0689,지방,228300,결제완료
O0400930,2025-04-25,C0794,수도권,91700,결제완료
O0400931,2025-04-30,C0023,수도권,156600,결제완료
O0400932,2025-04-19,C0176,수도권,207600,결제완료
O0400933,2025-04-10,C0324,지방,243000,결제완료
O0400934,2025-04-18,C0655,제주,125100,결제완료
O0400935,2025-04-24,C0249,수도권,248400,결제완료
O0400936,2025-04-20,C0103,수도권,287500,결제완료
O0400937,2025-04-23,C0455,수도권,144500,결제완료
O0400938,2025-04-17,C0372,지방,106700,결제완료
O0400939,2025-04-14,C0746,수도권,221400,결제완료
O0400940,2025-04-15,C0423,지방,237300,결제완료
O0400941,2025-04-05,C0501,수도권,135700,결제완료
O0400942,2025-04-26,C0566,수도권,293400,결제완료
O0400943,2025-04-01,C0795,수도권,39700,결제완료
O0400944,2025-04-01,C0702,수도권,175700,결제완료
O0400945,2025-04-15,C0620,수도권,111700,결제완료
O0400946,2025-04-16,C0645,수도권,27800,결제완료
O0400947,2025-04-17,C0321,수도권,284400,결제완료
O0400948,2025-04-12,C0702,수도권,9300,결제완료
O0400949,2025-04-15,C0168,지방,44100,결제완료
O0400950,2025-04-10,C0071,수도권,54700,결제완료
O0400951,2025-04-14,C0461,지방,145400,결제완료
O0400952,2025-04-11,C0607,지방,88600,결제완료
O0400953,2025-04-03,C0626,지방,238700,결제완료
O0400954,2025-04-18,C0477,수도권,110600,결제완료
O0400955,2025-04-28,C0141,지방,241900,결제완료
O0400956,2025-04-06,C0505,수도권,54700,결제완료
O0400957,2025-04-19,C0419,제주,295900,결제완료
O0400958,2025-04-24,C0087,수도권,47700,결제완료
O0400959,2025-04-11,C0348,수도권,32600,결제완료
O0400960,2025-04-12,C0593,수도권,250800,결제완료
O0400961,2025-04-19,C0206,지방,122000,결제완료
O0400962,2025-04-06,C0339,지방,263500,결제완료
O0400963,2025-04-20,C0163,수도권,56400,결제완료
O0400964,2025-04-02,C0735,수도권,52000,결제완료
O0400965,2025-04-26,C0439,지방,255800,결제완료
O0400966,2025-04-21,C0756,수도권,150300,결제완료
O0400967,2025-04-30,C0579,수도권,240600,결제완료
O0400968,2025-04-16,C0435,수도권,298800,결제완료
O0400969,2025-04-13,C0745,수도권,169100,결제완료
O0400970,2025-04-05,C0107,지방,24700,취소
O0400971,2025-04-18,C0662,수도권,22200,결제완료
O0400972,2025-04-30,C0240,제주,130300,결제완료
O0400973,2025-04-13,C0551,수도권,211700,결제완료
O0400974,2025-04-08,C0041,수도권,90800,결제완료
O0400975,2025-04-18,C0749,제주,233500,결제완료
O0400976,2025-04-13,C0177,지방,292000,결제완료
O0400977,2025-04-13,C0598,수도권,88200,결제완료
O0400978,2025-04-03,C0129,수도권,20600,결제완료
O0400979,2025-04-01,C0739,수도권,239500,결제완료
O0400980,2025-04-16,C0456,지방,106800,결제완료
O0400981,2025-04-11,C0702,수도권,177800,결제완료
O0400982,2025-04-01,C0154,지방,274500,결제완료
O0400983,2025-04-07,C0045,제주,149900,결제완료
O0400984,2025-04-25,C0430,지방,109700,결제완료
O0400985,2025-04-29,C0707,제주,243200,취소
O0400986,2025-04-17,C0464,지방,196400,결제완료
O0400987,2025-04-24,C0455,수도권,136100,결제완료
O0400988,2025-04-13,C0750,수도권,167800,결제완료
O0400989,2025-04-13,C0693,지방,168500,결제완료
O0400990,2025-04-22,C0162,수도권,5100,결제완료
