학번,일자,메모
S0163,2025-11-18,숙제 양이 너무 많아 새벽까지 합니다 조정 부탁드려요
S0024,2025-11-10,이번 주 금요일은 가족 행사로 결석합니다
S0269,2025-11-05,지난달 환불 요청드렸는데 아직 처리가 안 됐어요
S0320,2025-11-27,독감이라 며칠 쉬겠습니다
S0150,2025-11-03,숙제 양이 너무 많아 새벽까지 합니다 조정 부탁드려요
S0050,2025-11-19,선생님이 꼼꼼히 봐주셔서 성적이 올랐어요
S0298,2025-11-12,아이가 학원 가는 날을 기다립니다
S0289,2025-11-28,다음 달 시험 범위가 어디까지인가요
S0204,2025-11-07,차량 하차 위치가 계속 바뀌어 아이가 헤맸습니다
S0119,2025-11-07,같은 반 아이와 다툼이 있었다는데 확인 부탁드립니다
S0041,2025-11-12,같은 반 아이와 다툼이 있었다는데 확인 부탁드립니다
S0278,2025-11-12,같은 반 아이와 다툼이 있었다는데 확인 부탁드립니다
S0129,2025-11-07,겨울방학 특강 일정 알려주세요
S0005,2025-11-07,이번 주 금요일은 가족 행사로 결석합니다
S0305,2025-11-10,같은 반 아이와 다툼이 있었다는데 확인 부탁드립니다
S0200,2025-11-06,보강 수업은 언제 잡을 수 있을까요
S0209,2025-11-26,숙제 양이 너무 많아 새벽까지 합니다 조정 부탁드려요
S0070,2025-11-06,차량 하차 위치가 계속 바뀌어 아이가 헤맸습니다
S0191,2025-11-14,선생님 말투가 무섭다고 학원 가기 싫어합니다
S0004,2025-11-10,겨울방학 특강 일정 알려주세요
S0002,2025-11-10,교재는 따로 구매해야 하나요
S0115,2025-11-07,같은 반 아이와 다툼이 있었다는데 확인 부탁드립니다
S0158,2025-11-12,교재는 따로 구매해야 하나요
S0168,2025-11-03,지난달 환불 요청드렸는데 아직 처리가 안 됐어요
S0290,2025-11-26,아이가 학원 가는 날을 기다립니다
S0080,2025-11-25,겨울방학 특강 일정 알려주세요
S0082,2025-11-13,지난달 환불 요청드렸는데 아직 처리가 안 됐어요
S0225,2025-11-11,독감이라 며칠 쉬겠습니다
S0083,2025-11-05,아이가 학원 가는 날을 기다립니다
S0066,2025-11-18,다음 달 시험 범위가 어디까지인가요
S0245,2025-11-11,상담 전화 친절하게 해주셔서 고맙습니다
S0089,2025-11-04,겨울방학 특강 일정 알려주세요
S0048,2025-11-04,다음 달 시험 범위가 어디까지인가요
S0092,2025-11-12,형제 할인 적용되는지 궁금합니다
S0135,2025-11-17,지난달 환불 요청드렸는데 아직 처리가 안 됐어요
S0015,2025-11-05,아이가 수업 내용을 전혀 못 따라간다고 집에서 웁니다
S0313,2025-11-27,같은 반 아이와 다툼이 있었다는데 확인 부탁드립니다
S0240,2025-11-28,아이가 수업 내용을 전혀 못 따라간다고 집에서 웁니다
S0251,2025-11-13,숙제 양이 너무 많아 새벽까지 합니다 조정 부탁드려요
S0175,2025-11-20,아이가 수업 내용을 전혀 못 따라간다고 집에서 웁니다
S0167,2025-11-14,숙제 양이 너무 많아 새벽까지 합니다 조정 부탁드려요
S0165,2025-11-20,숙제 양이 너무 많아 새벽까지 합니다 조정 부탁드려요
S0102,2025-11-28,다음 달 시험 범위가 어디까지인가요
S0208,2025-11-28,선생님이 꼼꼼히 봐주셔서 성적이 올랐어요
S0314,2025-11-26,같은 반 아이와 다툼이 있었다는데 확인 부탁드립니다
S0101,2025-11-13,교재는 따로 구매해야 하나요
S0161,2025-11-26,독감이라 며칠 쉬겠습니다
S0218,2025-11-19,지난달 환불 요청드렸는데 아직 처리가 안 됐어요
S0288,2025-11-21,아이가 학원 가는 날을 기다립니다
S0018,2025-11-19,아이가 수업 내용을 전혀 못 따라간다고 집에서 웁니다
S0064,2025-11-03,숙제 양이 너무 많아 새벽까지 합니다 조정 부탁드려요
S0179,2025-11-04,겨울방학 특강 일정 알려주세요
S0106,2025-11-11,선생님 말투가 무섭다고 학원 가기 싫어합니다
S0267,2025-11-05,독감이라 며칠 쉬겠습니다
S0127,2025-11-10,같은 반 아이와 다툼이 있었다는데 확인 부탁드립니다
S0047,2025-11-27,아이가 학원 가는 날을 기다립니다
S0164,2025-11-17,형제 할인 적용되는지 궁금합니다
S0264,2025-11-10,같은 반 아이와 다툼이 있었다는데 확인 부탁드립니다
S0071,2025-11-18,아이가 수업 내용을 전혀 못 따라간다고 집에서 웁니다
S0172,2025-11-03,다음 달 시험 범위가 어디까지인가요
