depot,sku,qty
D0,S00,0
D0,S01,1
D0,S02,2
D0,S03,3
D0,S04,4
D0,S05,5
D0,S06,6
D0,S07,0
D0,S08,1
D0,S09,2
D0,S10,3
D0,S11,4
D0,S12,5
D0,S13,6
D0,S14,0
D0,S15,1
D0,S16,2
D0,S17,3
D0,S18,4
D0,S19,5
D0,S20,6
D0,S21,0
D0,S22,1
D0,S23,2
D0,S24,3
D0,S25,4
D0,S26,5
D0,S27,6
D0,S28,0
D0,S29,1
D0,S30,2
D0,S31,3
D0,S32,4
D0,S33,5
D0,S34,6
D0,S35,0
D0,S36,1
D0,S37,2
D0,S38,3
D0,S39,4
D0,S40,5
D0,S41,6
D0,S42,0
D0,S43,1
D0,S44,2
D0,S45,3
D0,S46,4
D0,S47,5
D1,S00,6
D1,S01,0
D1,S02,1
D1,S03,2
D1,S04,3
D1,S05,4
D1,S06,5
D1,S07,6
D1,S08,0
D1,S09,1
D1,S10,2
D1,S11,3
D1,S12,4
D1,S13,5
D1,S14,6
D1,S15,0
D1,S16,1
D1,S17,2
D1,S18,3
D1,S19,4
D1,S20,5
D1,S21,6
D1,S22,0
D1,S23,1
D1,S24,2
D1,S25,3
D1,S26,4
D1,S27,5
D1,S28,6
D1,S29,0
D1,S30,1
D1,S31,2
D1,S32,3
D1,S33,4
D1,S34,5
D1,S35,6
D1,S36,0
D1,S37,1
D1,S38,2
D1,S39,3
D1,S40,4
D1,S41,5
D1,S42,6
D1,S43,0
D1,S44,1
D1,S45,2
D1,S46,3
D1,S47,4
D2,S00,5
D2,S01,6
D2,S02,0
D2,S03,1
D2,S04,2
D2,S05,3
D2,S06,4
D2,S07,5
D2,S08,6
D2,S09,0
D2,S10,1
D2,S11,2
D2,S12,3
D2,S13,4
D2,S14,5
D2,S15,6
D2,S16,0
D2,S17,1
D2,S18,2
D2,S19,3
D2,S20,4
D2,S21,5
D2,S22,6
D2,S23,0
D2,S24,1
D2,S25,2
D2,S26,3
D2,S27,4
D2,S28,5
D2,S29,6
D2,S30,0
D2,S31,1
D2,S32,2
D2,S33,3
D2,S34,4
D2,S35,5
D2,S36,6
D2,S37,0
D2,S38,1
D2,S39,2
D2,S40,3
D2,S41,4
D2,S42,5
D2,S43,6
D2,S44,0
D2,S45,1
D2,S46,2
D2,S47,3
