주문번호,주문일,고객,지역,금액,상태
O0300001,2025-03-11,C0674,수도권,138000,결제완료
O0300002,2025-03-11,C0295,수도권,280400,결제완료
O0300003,2025-03-17,C0791,수도권,23000,취소
O0300004,2025-03-12,C0700,수도권,144600,결제완료
O0300005,2025-03-28,C0377,제주,298400,결제완료
O0300006,2025-03-13,C0270,지방,171300,결제완료
O0300007,2025-03-18,C0594,지방,200400,결제완료
O0300008,2025-03-12,C0415,지방,30800,결제완료
O0300009,2025-03-27,C0770,지방,214400,취소
O0300010,2025-03-02,C0432,지방,227900,결제완료
O0300011,2025-03-06,C0533,지방,273500,결제완료
O0300012,2025-03-05,C0275,수도권,164900,결제완료
O0300013,2025-03-07,C0536,지방,203900,취소
O0300014,2025-03-16,C0097,수도권,51500,결제완료
O0300015,2025-03-28,C0743,수도권,81100,결제완료
O0300016,2025-03-05,C0350,수도권,253200,결제완료
O0300017,2025-03-18,C0087,지방,85600,결제완료
O0300018,2025-03-03,C0257,수도권,231200,결제완료
O0300019,2025-03-02,C0269,수도권,54700,결제완료
O0300020,2025-03-01,C0783,수도권,194900,결제완료
O0300021,2025-03-29,C0366,수도권,50400,결제완료
O0300022,2025-03-17,C0051,수도권,218200,결제완료
O0300023,2025-03-04,C0185,수도권,46100,결제완료
O0300024,2025-03-29,C0023,지방,216600,결제완료
O0300025,2025-03-07,C0150,수도권,195800,결제완료
O0300026,2025-03-13,C0261,지방,117900,결제완료
O0300027,2025-03-09,C0329,수도권,186100,결제완료
O0300028,2025-03-01,C0375,지방,74600,결제완료
O0300029,2025-03-12,C0154,수도권,256400,결제완료
O0300030,2025-03-22,C0001,지방,119800,결제완료
O0300031,2025-03-17,C0229,지방,242600,결제완료
O0300032,2025-03-12,C0118,수도권,185300,결제완료
O0300033,2025-03-24,C0265,수도권,36100,결제완료
O0300034,2025-03-10,C0612,수도권,29700,결제완료
O0300035,2025-03-23,C0186,지방,131100,결제완료
O0300036,2025-03-10,C0098,수도권,151300,결제완료
O0300037,2025-03-07,C0044,지방,103600,결제완료
O0300038,2025-03-30,C0769,수도권,55200,결제완료
O0300039,2025-03-23,C0205,수도권,274300,결제완료
O0300040,2025-03-21,C0068,수도권,29600,결제완료
O0300041,2025-03-26,C0537,지방,161700,결제완료
O0300042,2025-03-09,C0031,제주,21900,결제완료
O0300043,2025-03-26,C0233,수도권,80300,결제완료
O0300044,2025-03-30,C0325,수도권,26500,결제완료
O0300045,2025-03-04,C0017,수도권,71100,결제완료
O0300046,2025-03-13,C0592,지방,269600,결제완료
O0300047,2025-03-30,C0250,지방,34200,결제완료
O0300048,2025-03-13,C0417,지방,73000,결제완료
O0300049,2025-03-09,C0097,수도권,190700,결제완료
O0300050,2025-03-06,C0785,수도권,63000,결제완료
O0300051,2025-03-03,C0061,지방,241300,결제완료
O0300052,2025-03-28,C0775,수도권,276200,결제완료
O0300053,2025-03-26,C0223,수도권,55500,결제완료
O0300054,2025-03-09,C0383,수도권,159700,결제완료
O0300055,2025-03-15,C0239,수도권,86700,결제완료
O0300056,2025-03-27,C0478,수도권,135000,결제완료
O0300057,2025-03-26,C0006,수도권,176600,결제완료
O0300058,2025-03-20,C0516,수도권,240100,취소
O0300059,2025-03-13,C0581,수도권,103300,결제완료
O0300060,2025-03-04,C0022,수도권,50300,결제완료
O0300061,2025-03-19,C0511,수도권,158900,결제완료
O0300062,2025-03-27,C0416,수도권,182800,결제완료
O0300063,2025-03-24,C0615,수도권,231500,결제완료
O0300064,2025-03-18,C0463,지방,93900,결제완료
O0300065,2025-03-22,C0298,수도권,227400,결제완료
O0300066,2025-03-29,C0671,수도권,257800,결제완료
O0300067,2025-03-18,C0737,수도권,201400,결제완료
O0300068,2025-03-15,C0639,수도권,254800,결제완료
O0300069,2025-03-02,C0330,수도권,145100,결제완료
O0300070,2025-03-04,C0542,수도권,270100,결제완료
O0300071,2025-03-18,C0323,수도권,215200,취소
O0300072,2025-03-05,C0535,수도권,117100,결제완료
O0300073,2025-03-04,C0154,수도권,237100,결제완료
O0300074,2025-03-29,C0765,지방,261000,결제완료
O0300075,2025-03-22,C0322,수도권,256700,결제완료
O0300076,2025-03-27,C0116,수도권,158800,결제완료
O0300077,2025-03-01,C0460,수도권,278000,결제완료
O0300078,2025-03-17,C0567,제주,46100,결제완료
O0300079,2025-03-27,C0425,제주,218300,결제완료
O0300080,2025-03-14,C0557,수도권,7000,결제완료
O0300081,2025-03-16,C0070,수도권,22100,결제완료
O0300082,2025-03-19,C0059,수도권,14300,결제완료
O0300083,2025-03-14,C0359,지방,43300,결제완료
O0300084,2025-03-01,C0495,지방,111400,결제완료
O0300085,2025-03-15,C0378,수도권,81100,결제완료
O0300086,2025-03-22,C0302,지방,169600,결제완료
O0300087,2025-03-23,C0528,지방,208200,결제완료
O0300088,2025-03-11,C0761,수도권,191700,결제완료
O0300089,2025-03-24,C0354,수도권,74000,결제완료
O0300090,2025-03-30,C0118,제주,244000,결제완료
O0300091,2025-03-04,C0376,수도권,130600,결제완료
O0300092,2025-03-28,C0146,지방,291700,결제완료
O0300093,2025-03-04,C0125,수도권,256900,결제완료
O0300094,2025-03-29,C0440,제주,112100,결제완료
O0300095,2025-03-14,C0094,수도권,288900,결제완료
O0300096,2025-03-07,C0664,지방,278000,취소
O0300097,2025-03-17,C0090,지방,129600,결제완료
O0300098,2025-03-20,C0427,지방,35300,결제완료
O0300099,2025-03-24,C0329,지방,246000,결제완료
O0300100,2025-03-23,C0474,수도권,298600,취소
O0300101,2025-03-01,C0793,수도권,29400,결제완료
O0300102,2025-03-30,C0720,수도권,33600,결제완료
O0300103,2025-03-06,C0228,지방,165200,결제완료
O0300104,2025-03-13,C0586,수도권,209000,결제완료
O0300105,2025-03-27,C0269,지방,101400,결제완료
O0300106,2025-03-02,C0457,수도권,193100,결제완료
O0300107,2025-03-19,C0247,수도권,290200,결제완료
O0300108,2025-03-25,C0543,지방,45400,결제완료
O0300109,2025-03-30,C0103,지방,58700,결제완료
O0300110,2025-03-03,C0665,수도권,185700,결제완료
O0300111,2025-03-27,C0184,수도권,152300,결제완료
O0300112,2025-03-01,C0607,지방,56900,결제완료
O0300113,2025-03-02,C0145,지방,284800,결제완료
O0300114,2025-03-18,C0670,지방,35400,결제완료
O0300115,2025-03-03,C0343,지방,271600,결제완료
O0300116,2025-03-07,C0768,수도권,73900,결제완료
O0300117,2025-03-23,C0639,지방,41900,결제완료
O0300118,2025-03-28,C0569,수도권,248800,결제완료
O0300119,2025-03-11,C0799,수도권,116400,결제완료
O0300120,2025-03-19,C0183,지방,152000,결제완료
O0300121,2025-03-27,C0323,수도권,164400,결제완료
O0300122,2025-03-16,C0666,수도권,117000,결제완료
O0300123,2025-03-23,C0342,수도권,230900,결제완료
O0300124,2025-03-02,C0389,지방,41400,취소
O0300125,2025-03-05,C0668,지방,245200,결제완료
O0300126,2025-03-12,C0313,지방,138100,결제완료
O0300127,2025-03-13,C0726,지방,267500,결제완료
O0300128,2025-03-20,C0688,제주,153700,결제완료
O0300129,2025-03-14,C0752,수도권,218600,결제완료
O0300130,2025-03-05,C0298,제주,125700,결제완료
O0300131,2025-03-26,C0109,지방,165100,결제완료
O0300132,2025-03-23,C0059,수도권,216800,결제완료
O0300133,2025-03-07,C0608,지방,156600,결제완료
O0300134,2025-03-22,C0714,지방,135500,결제완료
O0300135,2025-03-17,C0544,지방,143100,취소
O0300136,2025-03-06,C0595,수도권,26400,결제완료
O0300137,2025-03-20,C0687,수도권,281700,결제완료
O0300138,2025-03-15,C0514,지방,114900,결제완료
O0300139,2025-03-08,C0139,수도권,177100,결제완료
O0300140,2025-03-04,C0017,제주,241500,결제완료
O0300141,2025-03-21,C0341,수도권,203800,결제완료
O0300142,2025-03-09,C0452,지방,121600,결제완료
O0300143,2025-03-26,C0527,수도권,239600,결제완료
O0300144,2025-03-05,C0562,지방,109900,결제완료
O0300145,2025-03-20,C0516,지방,133200,결제완료
O0300146,2025-03-31,C0137,수도권,53400,결제완료
O0300147,2025-03-09,C0369,제주,165000,결제완료
O0300148,2025-03-23,C0414,수도권,27500,결제완료
O0300149,2025-03-15,C0547,지방,67700,결제완료
O0300150,2025-03-17,C0308,수도권,152000,결제완료
O0300151,2025-03-22,C0319,수도권,278500,취소
O0300152,2025-03-14,C0172,지방,51000,결제완료
O0300153,2025-03-02,C0021,수도권,16100,결제완료
O0300154,2025-03-14,C0061,지방,144300,결제완료
O0300155,2025-03-27,C0800,지방,37200,결제완료
O0300156,2025-03-04,C0086,수도권,113500,결제완료
O0300157,2025-03-15,C0623,지방,213700,결제완료
O0300158,2025-03-21,C0749,수도권,252000,결제완료
O0300159,2025-03-01,C0658,수도권,78700,결제완료
O0300160,2025-03-30,C0385,수도권,31300,결제완료
O0300161,2025-03-06,C0441,지방,284300,결제완료
O0300162,2025-03-29,C0485,지방,157300,결제완료
O0300163,2025-03-05,C0452,수도권,130200,결제완료
O0300164,2025-03-03,C0477,수도권,242900,결제완료
O0300165,2025-03-23,C0164,수도권,81000,취소
O0300166,2025-03-22,C0124,수도권,151500,결제완료
O0300167,2025-03-27,C0382,수도권,161000,결제완료
O0300168,2025-03-01,C0526,수도권,164200,결제완료
O0300169,2025-03-04,C0779,지방,189100,결제완료
O0300170,2025-03-07,C0059,수도권,213000,결제완료
O0300171,2025-03-17,C0486,수도권,94300,결제완료
O0300172,2025-03-16,C0296,지방,275800,결제완료
O0300173,2025-03-25,C0625,지방,269300,결제완료
O0300174,2025-03-04,C0177,지방,68200,결제완료
O0300175,2025-03-28,C0467,수도권,292800,결제완료
O0300176,2025-03-06,C0236,수도권,207400,결제완료
O0300177,2025-03-18,C0196,수도권,155400,결제완료
O0300178,2025-03-20,C0161,수도권,245000,결제완료
O0300179,2025-03-12,C0166,수도권,54600,결제완료
O0300180,2025-03-03,C0149,지방,243100,결제완료
O0300181,2025-03-01,C0707,지방,228800,결제완료
O0300182,2025-03-09,C0721,지방,179200,결제완료
O0300183,2025-03-09,C0492,수도권,17400,결제완료
O0300184,2025-03-12,C0597,수도권,140700,결제완료
O0300185,2025-03-11,C0657,지방,244600,결제완료
O0300186,2025-03-31,C0367,지방,142200,결제완료
O0300187,2025-03-20,C0395,지방,109400,결제완료
O0300188,2025-03-13,C0444,지방,288900,결제완료
O0300189,2025-03-09,C0379,지방,38600,결제완료
O0300190,2025-03-18,C0480,지방,5800,결제완료
O0300191,2025-03-18,C0533,지방,134700,결제완료
O0300192,2025-03-24,C0682,제주,251200,결제완료
O0300193,2025-03-15,C0079,수도권,183300,결제완료
O0300194,2025-03-22,C0035,지방,93500,결제완료
O0300195,2025-03-05,C0158,수도권,74200,결제완료
O0300196,2025-03-23,C0301,지방,104200,결제완료
O0300197,2025-03-20,C0535,수도권,192800,결제완료
O0300198,2025-03-29,C0618,수도권,155400,결제완료
O0300199,2025-03-13,C0061,수도권,292900,결제완료
O0300200,2025-03-15,C0380,수도권,87500,결제완료
O0300201,2025-03-07,C0202,지방,78100,결제완료
O0300202,2025-03-14,C0789,수도권,188900,취소
O0300203,2025-03-13,C0533,수도권,292200,결제완료
O0300204,2025-03-20,C0473,수도권,235400,결제완료
O0300205,2025-03-20,C0800,수도권,16900,결제완료
O0300206,2025-03-19,C0510,수도권,116100,결제완료
O0300207,2025-03-15,C0311,수도권,276200,결제완료
O0300208,2025-03-09,C0569,수도권,126700,결제완료
O0300209,2025-03-18,C0585,수도권,255300,결제완료
O0300210,2025-03-06,C0107,수도권,188100,결제완료
O0300211,2025-03-30,C0238,지방,165700,결제완료
O0300212,2025-03-31,C0378,수도권,263800,결제완료
O0300213,2025-03-07,C0559,지방,189900,결제완료
O0300214,2025-03-15,C0610,수도권,32200,결제완료
O0300215,2025-03-07,C0203,수도권,253700,결제완료
O0300216,2025-03-06,C0487,지방,98200,결제완료
O0300217,2025-03-01,C0403,수도권,227100,결제완료
O0300218,2025-03-18,C0540,수도권,71000,취소
O0300219,2025-03-03,C0134,수도권,94600,결제완료
O0300220,2025-03-21,C0573,지방,8700,결제완료
O0300221,2025-03-13,C0190,지방,190300,결제완료
O0300222,2025-03-04,C0754,수도권,93700,결제완료
O0300223,2025-03-02,C0541,지방,129000,결제완료
O0300224,2025-03-09,C0274,수도권,12600,결제완료
O0300225,2025-03-06,C0240,지방,159300,결제완료
O0300226,2025-03-26,C0601,수도권,287500,결제완료
O0300227,2025-03-27,C0645,수도권,96800,결제완료
O0300228,2025-03-14,C0215,지방,16000,결제완료
O0300229,2025-03-09,C0270,수도권,216200,결제완료
O0300230,2025-03-19,C0745,수도권,175000,결제완료
O0300231,2025-03-01,C0344,지방,167800,결제완료
O0300232,2025-03-14,C0463,지방,57900,결제완료
O0300233,2025-03-06,C0426,수도권,255900,결제완료
O0300234,2025-03-20,C0553,지방,190300,결제완료
O0300235,2025-03-06,C0644,수도권,101300,결제완료
O0300236,2025-03-16,C0274,수도권,39600,결제완료
O0300237,2025-03-04,C0064,수도권,117700,결제완료
O0300238,2025-03-13,C0128,수도권,162300,결제완료
O0300239,2025-03-24,C0037,수도권,121500,결제완료
O0300240,2025-03-28,C0522,수도권,90300,결제완료
O0300241,2025-03-13,C0784,제주,87900,결제완료
O0300242,2025-03-19,C0723,지방,289000,결제완료
O0300243,2025-03-07,C0374,수도권,91200,결제완료
O0300244,2025-03-06,C0354,지방,298300,결제완료
O0300245,2025-03-09,C0655,수도권,188200,결제완료
O0300246,2025-03-25,C0058,수도권,130600,결제완료
O0300247,2025-03-20,C0375,수도권,108600,결제완료
O0300248,2025-03-21,C0344,수도권,273000,결제완료
O0300249,2025-03-08,C0376,지방,59100,결제완료
O0300250,2025-03-21,C0190,지방,149700,결제완료
O0300251,2025-03-01,C0728,수도권,120700,결제완료
O0300252,2025-03-12,C0741,수도권,77500,결제완료
O0300253,2025-03-08,C0516,지방,268700,결제완료
O0300254,2025-03-29,C0611,지방,151200,결제완료
O0300255,2025-03-05,C0063,지방,272800,결제완료
O0300256,2025-03-03,C0373,지방,151300,결제완료
O0300257,2025-03-05,C0277,수도권,110400,결제완료
O0300258,2025-03-27,C0424,수도권,233200,결제완료
O0300259,2025-03-02,C0768,제주,72900,결제완료
O0300260,2025-03-11,C0090,수도권,166300,결제완료
O0300261,2025-03-25,C0429,수도권,139800,결제완료
O0300262,2025-03-30,C0250,수도권,47100,결제완료
O0300263,2025-03-01,C0329,수도권,222400,결제완료
O0300264,2025-03-26,C0461,수도권,196900,결제완료
O0300265,2025-03-28,C0393,제주,62500,취소
O0300266,2025-03-04,C0190,수도권,97100,결제완료
O0300267,2025-03-07,C0312,수도권,250200,결제완료
O0300268,2025-03-26,C0512,수도권,46500,결제완료
O0300269,2025-03-11,C0570,지방,127400,취소
O0300270,2025-03-12,C0063,수도권,67800,결제완료
O0300271,2025-03-07,C0234,수도권,39100,결제완료
O0300272,2025-03-12,C0464,제주,30500,결제완료
O0300273,2025-03-23,C0122,지방,68700,결제완료
O0300274,2025-03-17,C0002,지방,29200,결제완료
O0300275,2025-03-11,C0629,수도권,243900,결제완료
O0300276,2025-03-18,C0185,지방,215000,결제완료
O0300277,2025-03-31,C0446,수도권,195600,결제완료
O0300278,2025-03-04,C0746,제주,5900,결제완료
O0300279,2025-03-08,C0462,수도권,237500,결제완료
O0300280,2025-03-29,C0095,수도권,172100,결제완료
O0300281,2025-03-17,C0677,수도권,234700,결제완료
O0300282,2025-03-01,C0445,수도권,243000,결제완료
O0300283,2025-03-21,C0688,수도권,79600,결제완료
O0300284,2025-03-13,C0208,수도권,229200,결제완료
O0300285,2025-03-08,C0023,수도권,244800,결제완료
O0300286,2025-03-23,C0142,지방,88100,결제완료
O0300287,2025-03-18,C0549,수도권,79600,결제완료
O0300288,2025-03-26,C0423,수도권,39500,결제완료
O0300289,2025-03-02,C0177,수도권,113600,결제완료
O0300290,2025-03-13,C0144,제주,94800,결제완료
O0300291,2025-03-20,C0254,수도권,241100,취소
O0300292,2025-03-10,C0608,지방,48500,결제완료
O0300293,2025-03-11,C0215,수도권,281100,결제완료
O0300294,2025-03-03,C0591,지방,264800,결제완료
O0300295,2025-03-03,C0491,제주,70000,결제완료
O0300296,2025-03-25,C0579,지방,21800,결제완료
O0300297,2025-03-15,C0124,지방,198400,결제완료
O0300298,2025-03-23,C0727,지방,178200,결제완료
O0300299,2025-03-20,C0124,지방,188200,결제완료
O0300300,2025-03-24,C0020,지방,247400,결제완료
O0300301,2025-03-17,C0141,지방,136200,결제완료
O0300302,2025-03-08,C0426,수도권,26000,결제완료
O0300303,2025-03-31,C0612,수도권,234400,결제완료
O0300304,2025-03-10,C0272,지방,265300,결제완료
O0300305,2025-03-13,C0740,수도권,262500,결제완료
O0300306,2025-03-12,C0175,수도권,37000,결제완료
O0300307,2025-03-08,C0694,지방,17800,결제완료
O0300308,2025-03-12,C0105,수도권,97100,결제완료
O0300309,2025-03-18,C0153,수도권,201500,결제완료
O0300310,2025-03-30,C0370,수도권,23000,결제완료
O0300311,2025-03-14,C0612,수도권,240800,결제완료
O0300312,2025-03-24,C0299,수도권,52800,결제완료
O0300313,2025-03-04,C0753,수도권,168200,결제완료
O0300314,2025-03-19,C0256,지방,288700,결제완료
O0300315,2025-03-24,C0284,수도권,85900,결제완료
O0300316,2025-03-31,C0151,수도권,293300,결제완료
O0300317,2025-03-12,C0320,지방,103600,결제완료
O0300318,2025-03-24,C0642,지방,219300,결제완료
O0300319,2025-03-30,C0166,수도권,243400,결제완료
O0300320,2025-03-31,C0624,수도권,230500,결제완료
O0300321,2025-03-05,C0285,수도권,41600,결제완료
O0300322,2025-03-22,C0273,수도권,127800,결제완료
O0300323,2025-03-09,C0228,수도권,209500,결제완료
O0300324,2025-03-13,C0147,수도권,86100,결제완료
O0300325,2025-03-03,C0572,지방,254100,결제완료
O0300326,2025-03-08,C0569,지방,61400,결제완료
O0300327,2025-03-26,C0469,지방,159000,결제완료
O0300328,2025-03-23,C0368,제주,83800,결제완료
O0300329,2025-03-03,C0622,제주,54100,결제완료
O0300330,2025-03-19,C0221,지방,161800,결제완료
O0300331,2025-03-02,C0747,제주,232100,결제완료
O0300332,2025-03-17,C0199,제주,24300,결제완료
O0300333,2025-03-02,C0029,수도권,181200,결제완료
O0300334,2025-03-25,C0751,지방,86900,결제완료
O0300335,2025-03-26,C0645,지방,243200,결제완료
O0300336,2025-03-01,C0689,수도권,243700,결제완료
O0300337,2025-03-20,C0531,지방,61400,결제완료
O0300338,2025-03-31,C0594,수도권,138800,결제완료
O0300339,2025-03-13,C0385,제주,256000,결제완료
O0300340,2025-03-31,C0107,수도권,52600,결제완료
O0300341,2025-03-17,C0202,지방,111600,결제완료
O0300342,2025-03-14,C0287,지방,98200,결제완료
O0300343,2025-03-09,C0491,제주,45000,결제완료
O0300344,2025-03-06,C0762,지방,290000,결제완료
O0300345,2025-03-27,C0656,지방,105800,결제완료
O0300346,2025-03-15,C0436,지방,142800,결제완료
O0300347,2025-03-24,C0114,수도권,63200,결제완료
O0300348,2025-03-18,C0370,지방,113800,결제완료
O0300349,2025-03-22,C0132,지방,118700,결제완료
O0300350,2025-03-20,C0009,수도권,140600,결제완료
O0300351,2025-03-28,C0441,수도권,199800,결제완료
O0300352,2025-03-09,C0487,수도권,138300,결제완료
O0300353,2025-03-15,C0275,수도권,159700,결제완료
O0300354,2025-03-11,C0691,제주,119700,결제완료
O0300355,2025-03-21,C0163,수도권,177100,결제완료
O0300356,2025-03-28,C0503,지방,262200,결제완료
O0300357,2025-03-31,C0553,지방,32800,결제완료
O0300358,2025-03-03,C0025,지방,208300,결제완료
O0300359,2025-03-06,C0400,수도권,50400,결제완료
O0300360,2025-03-27,C0718,지방,180200,결제완료
O0300361,2025-03-30,C0424,지방,180300,결제완료
O0300362,2025-03-08,C0067,수도권,131400,결제완료
O0300363,2025-03-29,C0387,지방,169400,결제완료
O0300364,2025-03-15,C0215,지방,222600,결제완료
O0300365,2025-03-31,C0404,수도권,87700,결제완료
O0300366,2025-03-12,C0514,수도권,77800,결제완료
O0300367,2025-03-18,C0257,수도권,235500,결제완료
O0300368,2025-03-29,C0649,제주,146000,결제완료
O0300369,2025-03-24,C0275,지방,210000,결제완료
O0300370,2025-03-22,C0268,수도권,19600,결제완료
O0300371,2025-03-30,C0296,수도권,209300,결제완료
O0300372,2025-03-21,C0192,수도권,236200,결제완료
O0300373,2025-03-23,C0696,수도권,132600,결제완료
O0300374,2025-03-31,C0572,제주,233300,취소
O0300375,2025-03-31,C0071,지방,96800,취소
O0300376,2025-03-19,C0335,수도권,282700,결제완료
O0300377,2025-03-24,C0236,수도권,117100,결제완료
O0300378,2025-03-28,C0200,지방,142000,취소
O0300379,2025-03-18,C0264,수도권,212700,결제완료
O0300380,2025-03-01,C0340,수도권,251500,취소
O0300381,2025-03-06,C0786,수도권,47900,결제완료
O0300382,2025-03-05,C0785,제주,178900,결제완료
O0300383,2025-03-06,C0764,지방,248500,결제완료
O0300384,2025-03-13,C0075,지방,283000,결제완료
O0300385,2025-03-19,C0296,수도권,9500,결제완료
O0300386,2025-03-17,C0135,수도권,116800,결제완료
O0300387,2025-03-22,C0670,수도권,231500,결제완료
O0300388,2025-03-12,C0177,지방,93100,결제완료
O0300389,2025-03-16,C0095,지방,190500,결제완료
O0300390,2025-03-10,C0601,수도권,51900,결제완료
O0300391,2025-03-28,C0431,수도권,244100,결제완료
O0300392,2025-03-16,C0592,지방,176800,결제완료
O0300393,2025-03-13,C0596,수도권,256200,결제완료
O0300394,2025-03-07,C0712,수도권,50800,결제완료
O0300395,2025-03-31,C0577,수도권,118400,결제완료
O0300396,2025-03-02,C0648,지방,104500,결제완료
O0300397,2025-03-18,C0651,지방,140300,결제완료
O0300398,2025-03-10,C0800,수도권,185900,결제완료
O0300399,2025-03-20,C0040,수도권,223700,결제완료
O0300400,2025-03-28,C0232,수도권,254900,결제완료
O0300401,2025-03-24,C0784,수도권,139000,결제완료
O0300402,2025-03-09,C0645,지방,200500,결제완료
O0300403,2025-03-15,C0274,지방,217700,결제완료
O0300404,2025-03-17,C0245,수도권,204200,결제완료
O0300405,2025-03-15,C0246,수도권,12600,결제완료
O0300406,2025-03-07,C0065,수도권,286200,결제완료
O0300407,2025-03-29,C0785,수도권,162800,결제완료
O0300408,2025-03-22,C0528,수도권,219900,결제완료
O0300409,2025-03-28,C0095,수도권,85600,결제완료
O0300410,2025-03-03,C0533,수도권,72300,결제완료
O0300411,2025-03-22,C0454,지방,220400,결제완료
O0300412,2025-03-07,C0547,수도권,251000,결제완료
O0300413,2025-03-26,C0403,수도권,90300,결제완료
O0300414,2025-03-25,C0795,수도권,55300,결제완료
O0300415,2025-03-18,C0491,수도권,185900,결제완료
O0300416,2025-03-18,C0293,제주,224900,결제완료
O0300417,2025-03-02,C0260,제주,261100,결제완료
O0300418,2025-03-19,C0379,수도권,276000,결제완료
O0300419,2025-03-23,C0235,지방,243100,결제완료
O0300420,2025-03-22,C0166,수도권,277100,결제완료
O0300421,2025-03-03,C0687,지방,294500,결제완료
O0300422,2025-03-22,C0253,지방,183500,결제완료
O0300423,2025-03-11,C0558,수도권,106600,취소
O0300424,2025-03-25,C0643,제주,52600,결제완료
O0300425,2025-03-08,C0159,수도권,298800,결제완료
O0300426,2025-03-14,C0405,제주,85000,결제완료
O0300427,2025-03-18,C0519,지방,114400,결제완료
O0300428,2025-03-25,C0446,수도권,173800,결제완료
O0300429,2025-03-20,C0526,수도권,112100,결제완료
O0300430,2025-03-12,C0659,제주,261400,결제완료
O0300431,2025-03-03,C0570,수도권,44200,결제완료
O0300432,2025-03-18,C0490,지방,143300,결제완료
O0300433,2025-03-17,C0399,수도권,149200,결제완료
O0300434,2025-03-12,C0118,지방,78300,결제완료
O0300435,2025-03-07,C0792,수도권,247000,결제완료
O0300436,2025-03-01,C0761,수도권,92300,결제완료
O0300437,2025-03-18,C0199,수도권,247700,결제완료
O0300438,2025-03-06,C0604,수도권,49000,결제완료
O0300439,2025-03-14,C0248,수도권,54600,결제완료
O0300440,2025-03-02,C0358,지방,28100,결제완료
O0300441,2025-03-30,C0498,수도권,229600,결제완료
O0300442,2025-03-15,C0734,수도권,162900,결제완료
O0300443,2025-03-20,C0360,지방,209500,결제완료
O0300444,2025-03-05,C0684,지방,85800,취소
O0300445,2025-03-15,C0416,지방,299900,결제완료
O0300446,2025-03-09,C0019,수도권,60300,결제완료
O0300447,2025-03-05,C0191,수도권,118400,결제완료
O0300448,2025-03-09,C0220,지방,28500,결제완료
O0300449,2025-03-22,C0738,지방,145200,결제완료
O0300450,2025-03-01,C0750,수도권,289000,결제완료
O0300451,2025-03-03,C0699,수도권,72200,결제완료
O0300452,2025-03-27,C0639,수도권,264700,결제완료
O0300453,2025-03-22,C0323,수도권,155000,결제완료
O0300454,2025-03-26,C0111,수도권,255300,결제완료
O0300455,2025-03-05,C0054,지방,48700,결제완료
O0300456,2025-03-20,C0590,수도권,114700,결제완료
O0300457,2025-03-02,C0473,수도권,179100,결제완료
O0300458,2025-03-30,C0127,수도권,224300,결제완료
O0300459,2025-03-22,C0668,수도권,77600,결제완료
O0300460,2025-03-05,C0649,제주,161400,취소
O0300461,2025-03-24,C0309,지방,18200,결제완료
O0300462,2025-03-12,C0162,수도권,28400,결제완료
O0300463,2025-03-15,C0420,지방,243600,결제완료
O0300464,2025-03-10,C0418,수도권,80600,결제완료
O0300465,2025-03-20,C0712,지방,226800,결제완료
O0300466,2025-03-01,C0511,지방,24300,결제완료
O0300467,2025-03-23,C0447,수도권,43500,결제완료
O0300468,2025-03-02,C0118,제주,9800,결제완료
O0300469,2025-03-12,C0615,수도권,244600,결제완료
O0300470,2025-03-19,C0338,지방,282500,결제완료
O0300471,2025-03-15,C0752,수도권,191600,결제완료
O0300472,2025-03-11,C0462,수도권,52700,결제완료
O0300473,2025-03-11,C0624,지방,158100,결제완료
O0300474,2025-03-26,C0352,수도권,210600,결제완료
O0300475,2025-03-12,C0447,수도권,81400,결제완료
O0300476,2025-03-19,C0702,지방,132400,결제완료
O0300477,2025-03-05,C0245,수도권,189900,결제완료
O0300478,2025-03-31,C0785,수도권,177500,결제완료
O0300479,2025-03-17,C0112,수도권,163500,결제완료
O0300480,2025-03-21,C0711,지방,59300,결제완료
O0300481,2025-03-06,C0306,제주,222800,결제완료
O0300482,2025-03-01,C0379,수도권,27000,결제완료
O0300483,2025-03-05,C0679,수도권,243100,결제완료
O0300484,2025-03-16,C0504,수도권,218900,결제완료
O0300485,2025-03-25,C0720,수도권,172400,결제완료
O0300486,2025-03-29,C0080,수도권,137600,결제완료
O0300487,2025-03-26,C0784,지방,172600,결제완료
O0300488,2025-03-19,C0711,지방,269100,결제완료
O0300489,2025-03-23,C0085,지방,282500,결제완료
O0300490,2025-03-22,C0561,수도권,239300,결제완료
O0300491,2025-03-20,C0785,수도권,81600,결제완료
O0300492,2025-03-07,C0455,지방,181800,결제완료
O0300493,2025-03-22,C0324,수도권,89600,결제완료
O0300494,2025-03-01,C0518,수도권,66100,결제완료
O0300495,2025-03-20,C0316,지방,207800,결제완료
O0300496,2025-03-31,C0330,지방,157500,결제완료
O0300497,2025-03-06,C0007,수도권,213400,결제완료
O0300498,2025-03-12,C0541,제주,257800,결제완료
O0300499,2025-03-11,C0159,수도권,228800,결제완료
O0300500,2025-03-18,C0331,수도권,222100,결제완료
O0300501,2025-03-29,C0181,지방,50300,결제완료
O0300502,2025-03-20,C0535,수도권,164800,결제완료
O0300503,2025-03-03,C0620,수도권,158100,결제완료
O0300504,2025-03-23,C0737,수도권,233100,결제완료
O0300505,2025-03-30,C0602,수도권,167600,결제완료
O0300506,2025-03-07,C0349,수도권,106700,결제완료
O0300507,2025-03-30,C0748,수도권,151700,결제완료
O0300508,2025-03-23,C0714,지방,123900,결제완료
O0300509,2025-03-30,C0741,제주,256400,결제완료
O0300510,2025-03-24,C0019,수도권,73900,결제완료
O0300511,2025-03-14,C0017,수도권,248000,결제완료
O0300512,2025-03-26,C0197,지방,176600,결제완료
O0300513,2025-03-08,C0656,수도권,249800,결제완료
O0300514,2025-03-06,C0294,지방,54700,결제완료
O0300515,2025-03-04,C0431,수도권,159800,결제완료
O0300516,2025-03-25,C0463,수도권,127600,결제완료
O0300517,2025-03-01,C0038,수도권,61300,결제완료
O0300518,2025-03-30,C0134,지방,217500,결제완료
O0300519,2025-03-21,C0519,수도권,128600,결제완료
O0300520,2025-03-28,C0550,수도권,293100,결제완료
O0300521,2025-03-23,C0699,수도권,59400,결제완료
O0300522,2025-03-21,C0701,지방,75700,결제완료
O0300523,2025-03-27,C0769,지방,285600,결제완료
O0300524,2025-03-02,C0435,수도권,250200,결제완료
O0300525,2025-03-28,C0534,지방,188000,결제완료
O0300526,2025-03-30,C0740,수도권,29300,결제완료
O0300527,2025-03-03,C0119,지방,37200,결제완료
O0300528,2025-03-25,C0308,수도권,272500,결제완료
O0300529,2025-03-23,C0790,수도권,210200,결제완료
O0300530,2025-03-07,C0183,수도권,104900,결제완료
O0300531,2025-03-02,C0673,수도권,143200,결제완료
O0300532,2025-03-04,C0544,수도권,87500,결제완료
O0300533,2025-03-19,C0054,지방,104900,결제완료
O0300534,2025-03-17,C0429,지방,185400,결제완료
O0300535,2025-03-21,C0652,수도권,100200,결제완료
O0300536,2025-03-30,C0574,제주,165300,결제완료
O0300537,2025-03-31,C0120,지방,240200,결제완료
O0300538,2025-03-29,C0376,수도권,165000,결제완료
O0300539,2025-03-23,C0493,수도권,208600,결제완료
O0300540,2025-03-30,C0403,지방,146700,결제완료
O0300541,2025-03-29,C0476,지방,5000,결제완료
O0300542,2025-03-16,C0264,수도권,179100,결제완료
O0300543,2025-03-04,C0199,지방,246000,결제완료
O0300544,2025-03-22,C0199,수도권,37500,결제완료
O0300545,2025-03-06,C0063,지방,64800,결제완료
O0300546,2025-03-24,C0039,지방,212800,결제완료
O0300547,2025-03-08,C0667,지방,75200,결제완료
O0300548,2025-03-11,C0581,지방,116100,결제완료
O0300549,2025-03-12,C0514,제주,262200,결제완료
O0300550,2025-03-16,C0323,수도권,44300,결제완료
O0300551,2025-03-31,C0195,제주,25000,결제완료
O0300552,2025-03-12,C0030,수도권,159900,결제완료
O0300553,2025-03-30,C0785,수도권,109000,취소
O0300554,2025-03-01,C0778,지방,53700,결제완료
O0300555,2025-03-21,C0191,수도권,59600,결제완료
O0300556,2025-03-02,C0079,수도권,193000,결제완료
O0300557,2025-03-01,C0723,수도권,102700,결제완료
O0300558,2025-03-20,C0337,지방,32900,결제완료
O0300559,2025-03-30,C0507,수도권,42700,결제완료
O0300560,2025-03-11,C0520,수도권,8500,결제완료
O0300561,2025-03-20,C0795,지방,262600,결제완료
O0300562,2025-03-29,C0123,수도권,153500,결제완료
O0300563,2025-03-12,C0610,지방,127500,결제완료
O0300564,2025-03-26,C0507,수도권,188800,결제완료
O0300565,2025-03-12,C0474,수도권,285200,결제완료
O0300566,2025-03-31,C0121,수도권,63400,결제완료
O0300567,2025-03-09,C0751,수도권,131200,결제완료
O0300568,2025-03-28,C0777,지방,97700,결제완료
O0300569,2025-03-04,C0270,지방,165600,결제완료
O0300570,2025-03-22,C0268,지방,230800,결제완료
O0300571,2025-03-24,C0066,지방,295800,결제완료
O0300572,2025-03-19,C0478,수도권,266300,결제완료
O0300573,2025-03-27,C0213,지방,260200,결제완료
O0300574,2025-03-15,C0587,수도권,165100,결제완료
O0300575,2025-03-15,C0574,수도권,227300,결제완료
O0300576,2025-03-29,C0418,지방,45900,결제완료
O0300577,2025-03-04,C0509,수도권,200000,결제완료
O0300578,2025-03-04,C0393,지방,284500,결제완료
O0300579,2025-03-01,C0452,수도권,198200,결제완료
O0300580,2025-03-04,C0008,지방,260700,결제완료
O0300581,2025-03-23,C0048,수도권,248000,취소
O0300582,2025-03-07,C0407,지방,102300,결제완료
O0300583,2025-03-03,C0800,수도권,94500,결제완료
O0300584,2025-03-27,C0255,지방,145200,결제완료
O0300585,2025-03-25,C0268,수도권,94900,결제완료
O0300586,2025-03-04,C0590,수도권,285700,결제완료
O0300587,2025-03-18,C0563,수도권,61800,결제완료
O0300588,2025-03-09,C0279,제주,210800,결제완료
O0300589,2025-03-13,C0546,수도권,277400,결제완료
O0300590,2025-03-09,C0595,수도권,26900,결제완료
O0300591,2025-03-22,C0619,지방,111400,결제완료
O0300592,2025-03-21,C0412,수도권,144800,결제완료
O0300593,2025-03-31,C0627,지방,26500,결제완료
O0300594,2025-03-27,C0491,지방,236300,취소
O0300595,2025-03-08,C0111,수도권,87900,결제완료
O0300596,2025-03-09,C0259,수도권,193600,결제완료
O0300597,2025-03-04,C0130,수도권,294000,결제완료
O0300598,2025-03-21,C0574,지방,104900,결제완료
O0300599,2025-03-05,C0452,지방,63100,결제완료
O0300600,2025-03-24,C0749,제주,63700,결제완료
O0300601,2025-03-23,C0311,수도권,35600,결제완료
O0300602,2025-03-17,C0188,수도권,29500,결제완료
O0300603,2025-03-30,C0599,수도권,91900,결제완료
O0300604,2025-03-15,C0457,수도권,298300,결제완료
O0300605,2025-03-19,C0152,수도권,13000,결제완료
O0300606,2025-03-15,C0180,수도권,131800,결제완료
O0300607,2025-03-20,C0414,수도권,123900,결제완료
O0300608,2025-03-01,C0306,수도권,89100,결제완료
O0300609,2025-03-07,C0330,지방,266500,결제완료
O0300610,2025-03-18,C0716,수도권,68500,결제완료
O0300611,2025-03-02,C0287,수도권,268000,결제완료
O0300612,2025-03-11,C0701,수도권,192400,결제완료
O0300613,2025-03-13,C0575,지방,295500,결제완료
O0300614,2025-03-30,C0399,수도권,96400,결제완료
O0300615,2025-03-29,C0490,지방,48400,결제완료
O0300616,2025-03-04,C0256,지방,178800,결제완료
O0300617,2025-03-12,C0285,지방,23000,결제완료
O0300618,2025-03-04,C0515,수도권,97300,결제완료
O0300619,2025-03-25,C0131,지방,199000,결제완료
O0300620,2025-03-30,C0553,지방,183200,취소
O0300621,2025-03-31,C0107,수도권,64600,결제완료
O0300622,2025-03-06,C0111,지방,207800,결제완료
O0300623,2025-03-28,C0610,수도권,25600,결제완료
O0300624,2025-03-14,C0766,제주,213800,결제완료
O0300625,2025-03-28,C0768,수도권,204300,결제완료
O0300626,2025-03-13,C0455,지방,157500,결제완료
O0300627,2025-03-26,C0526,지방,76200,결제완료
O0300628,2025-03-06,C0201,지방,240900,결제완료
O0300629,2025-03-21,C0135,지방,31400,결제완료
O0300630,2025-03-16,C0172,지방,222100,결제완료
O0300631,2025-03-07,C0419,수도권,227300,결제완료
O0300632,2025-03-28,C0200,수도권,21900,결제완료
O0300633,2025-03-14,C0626,수도권,147800,취소
O0300634,2025-03-06,C0759,수도권,119400,결제완료
O0300635,2025-03-31,C0323,수도권,253100,결제완료
O0300636,2025-03-18,C0234,수도권,237500,결제완료
O0300637,2025-03-21,C0766,수도권,143700,결제완료
O0300638,2025-03-29,C0627,수도권,76200,결제완료
O0300639,2025-03-26,C0111,지방,60700,결제완료
O0300640,2025-03-28,C0257,수도권,164600,결제완료
O0300641,2025-03-12,C0130,수도권,157900,결제완료
O0300642,2025-03-24,C0499,수도권,228500,취소
O0300643,2025-03-30,C0052,제주,60300,결제완료
O0300644,2025-03-10,C0667,수도권,62600,결제완료
O0300645,2025-03-23,C0569,수도권,171300,결제완료
O0300646,2025-03-03,C0007,수도권,10900,결제완료
O0300647,2025-03-20,C0699,제주,127700,결제완료
O0300648,2025-03-20,C0376,수도권,256400,결제완료
O0300649,2025-03-18,C0640,지방,6300,결제완료
O0300650,2025-03-10,C0660,수도권,257700,결제완료
O0300651,2025-03-24,C0117,수도권,291600,결제완료
O0300652,2025-03-03,C0787,수도권,153800,결제완료
O0300653,2025-03-03,C0193,수도권,46600,결제완료
O0300654,2025-03-10,C0039,수도권,86400,결제완료
O0300655,2025-03-14,C0013,지방,116200,결제완료
O0300656,2025-03-23,C0471,지방,298200,결제완료
O0300657,2025-03-15,C0644,지방,38000,결제완료
O0300658,2025-03-27,C0372,수도권,105700,결제완료
O0300659,2025-03-17,C0503,지방,117000,결제완료
O0300660,2025-03-09,C0199,수도권,169100,결제완료
O0300661,2025-03-05,C0111,수도권,291900,결제완료
O0300662,2025-03-13,C0233,수도권,88900,결제완료
O0300663,2025-03-15,C0652,지방,126700,결제완료
O0300664,2025-03-28,C0438,지방,169200,결제완료
O0300665,2025-03-26,C0178,지방,101000,결제완료
O0300666,2025-03-25,C0183,지방,281700,결제완료
O0300667,2025-03-12,C0086,지방,14200,결제완료
O0300668,2025-03-07,C0108,수도권,264500,결제완료
O0300669,2025-03-16,C0513,수도권,198500,결제완료
O0300670,2025-03-24,C0503,지방,269100,결제완료
O0300671,2025-03-16,C0086,수도권,172100,결제완료
O0300672,2025-03-12,C0123,지방,258200,결제완료
O0300673,2025-03-03,C0266,지방,57000,결제완료
O0300674,2025-03-28,C0448,지방,43400,결제완료
O0300675,2025-03-25,C0062,수도권,257000,취소
O0300676,2025-03-26,C0331,수도권,54600,결제완료
O0300677,2025-03-22,C0222,지방,216900,결제완료
O0300678,2025-03-31,C0086,수도권,233800,결제완료
O0300679,2025-03-28,C0226,수도권,279700,결제완료
O0300680,2025-03-14,C0430,수도권,257700,결제완료
O0300681,2025-03-19,C0281,지방,15500,결제완료
O0300682,2025-03-26,C0230,수도권,224300,결제완료
O0300683,2025-03-15,C0026,수도권,295300,결제완료
O0300684,2025-03-09,C0573,제주,199600,결제완료
O0300685,2025-03-13,C0430,수도권,213500,결제완료
O0300686,2025-03-13,C0479,수도권,294000,결제완료
O0300687,2025-03-17,C0715,수도권,129300,결제완료
O0300688,2025-03-03,C0113,지방,181300,결제완료
O0300689,2025-03-26,C0617,지방,163800,결제완료
O0300690,2025-03-18,C0409,제주,205700,결제완료
O0300691,2025-03-11,C0129,수도권,179800,결제완료
O0300692,2025-03-06,C0095,수도권,289800,결제완료
O0300693,2025-03-04,C0211,지방,87600,결제완료
O0300694,2025-03-12,C0613,지방,157300,취소
O0300695,2025-03-31,C0768,지방,88300,결제완료
O0300696,2025-03-13,C0792,수도권,13000,결제완료
O0300697,2025-03-12,C0710,수도권,151700,결제완료
O0300698,2025-03-04,C0663,수도권,131400,결제완료
O0300699,2025-03-30,C0466,수도권,255800,취소
O0300700,2025-03-20,C0131,수도권,44400,결제완료
O0300701,2025-03-20,C0539,지방,33800,결제완료
O0300702,2025-03-17,C0427,제주,260800,결제완료
O0300703,2025-03-18,C0210,수도권,47300,결제완료
O0300704,2025-03-01,C0081,수도권,290200,결제완료
O0300705,2025-03-23,C0575,지방,54400,결제완료
O0300706,2025-03-09,C0346,지방,162100,결제완료
O0300707,2025-03-19,C0108,수도권,55200,결제완료
O0300708,2025-03-20,C0012,지방,46200,결제완료
O0300709,2025-03-09,C0662,수도권,17700,결제완료
O0300710,2025-03-18,C0151,지방,56900,결제완료
O0300711,2025-03-04,C0110,지방,87400,결제완료
O0300712,2025-03-09,C0208,수도권,214500,결제완료
O0300713,2025-03-05,C0381,수도권,32000,취소
O0300714,2025-03-26,C0725,지방,102600,결제완료
O0300715,2025-03-08,C0227,지방,287900,결제완료
O0300716,2025-03-27,C0785,수도권,186800,결제완료
O0300717,2025-03-13,C0456,수도권,26100,결제완료
O0300718,2025-03-25,C0751,지방,90100,결제완료
O0300719,2025-03-16,C0210,수도권,199900,결제완료
O0300720,2025-03-31,C0434,제주,150400,결제완료
O0300721,2025-03-27,C0599,수도권,274600,결제완료
O0300722,2025-03-24,C0268,지방,254000,결제완료
O0300723,2025-03-11,C0504,지방,265000,결제완료
O0300724,2025-03-24,C0178,수도권,242700,결제완료
O0300725,2025-03-10,C0680,지방,96600,결제완료
O0300726,2025-03-08,C0268,지방,41100,결제완료
O0300727,2025-03-19,C0091,제주,17000,결제완료
O0300728,2025-03-13,C0673,수도권,254300,결제완료
O0300729,2025-03-26,C0366,수도권,141800,결제완료
O0300730,2025-03-02,C0478,지방,5700,결제완료
O0300731,2025-03-03,C0422,제주,52700,결제완료
O0300732,2025-03-17,C0200,수도권,269300,결제완료
O0300733,2025-03-30,C0237,수도권,96900,결제완료
O0300734,2025-03-16,C0403,수도권,33000,결제완료
O0300735,2025-03-22,C0618,지방,200100,결제완료
O0300736,2025-03-20,C0066,수도권,218800,결제완료
O0300737,2025-03-01,C0734,수도권,188200,결제완료
O0300738,2025-03-11,C0700,수도권,192500,결제완료
O0300739,2025-03-28,C0247,지방,142900,결제완료
O0300740,2025-03-01,C0599,지방,24100,결제완료
O0300741,2025-03-09,C0754,수도권,151500,결제완료
O0300742,2025-03-18,C0008,지방,69700,결제완료
O0300743,2025-03-20,C0298,수도권,235500,결제완료
O0300744,2025-03-25,C0292,수도권,184300,결제완료
O0300745,2025-03-10,C0655,지방,78400,결제완료
O0300746,2025-03-02,C0351,수도권,58300,결제완료
O0300747,2025-03-20,C0096,지방,143600,결제완료
O0300748,2025-03-11,C0787,수도권,35200,결제완료
O0300749,2025-03-26,C0052,지방,47700,결제완료
O0300750,2025-03-14,C0661,수도권,44100,결제완료
O0300751,2025-03-12,C0188,지방,20600,결제완료
O0300752,2025-03-23,C0206,지방,85600,결제완료
O0300753,2025-03-02,C0685,제주,123200,결제완료
O0300754,2025-03-08,C0293,지방,287300,결제완료
O0300755,2025-03-21,C0046,지방,243500,결제완료
O0300756,2025-03-03,C0093,지방,182400,결제완료
O0300757,2025-03-20,C0197,지방,227600,결제완료
O0300758,2025-03-22,C0527,지방,204400,결제완료
O0300759,2025-03-02,C0515,수도권,130200,결제완료
O0300760,2025-03-01,C0416,수도권,35300,결제완료
O0300761,2025-03-20,C0319,수도권,116000,결제완료
O0300762,2025-03-13,C0340,수도권,43600,결제완료
O0300763,2025-03-04,C0455,수도권,98300,결제완료
O0300764,2025-03-31,C0718,수도권,60800,결제완료
O0300765,2025-03-10,C0055,수도권,61100,결제완료
O0300766,2025-03-15,C0228,수도권,92100,결제완료
O0300767,2025-03-10,C0674,수도권,121300,결제완료
O0300768,2025-03-25,C0154,지방,149000,결제완료
O0300769,2025-03-08,C0609,수도권,109600,취소
O0300770,2025-03-09,C0431,지방,17500,결제완료
O0300771,2025-03-22,C0008,지방,100200,결제완료
O0300772,2025-03-10,C0456,수도권,156400,결제완료
O0300773,2025-03-01,C0539,수도권,278400,결제완료
O0300774,2025-03-07,C0349,지방,253600,결제완료
O0300775,2025-03-13,C0437,지방,250500,결제완료
O0300776,2025-03-29,C0187,수도권,124800,결제완료
O0300777,2025-03-21,C0750,수도권,84000,결제완료
O0300778,2025-03-12,C0717,수도권,91600,결제완료
O0300779,2025-03-04,C0724,수도권,108000,결제완료
O0300780,2025-03-21,C0219,수도권,34400,결제완료
O0300781,2025-03-08,C0288,수도권,269700,결제완료
O0300782,2025-03-19,C0069,수도권,266100,결제완료
O0300783,2025-03-20,C0213,수도권,271600,결제완료
O0300784,2025-03-28,C0249,지방,242500,결제완료
O0300785,2025-03-21,C0772,지방,77800,결제완료
O0300786,2025-03-09,C0448,지방,235300,취소
O0300787,2025-03-03,C0571,지방,109900,결제완료
O0300788,2025-03-01,C0793,제주,54200,결제완료
O0300789,2025-03-27,C0021,지방,120900,결제완료
O0300790,2025-03-24,C0363,지방,167800,결제완료
O0300791,2025-03-24,C0047,수도권,107800,결제완료
O0300792,2025-03-11,C0555,지방,85300,결제완료
O0300793,2025-03-08,C0209,수도권,81100,결제완료
O0300794,2025-03-27,C0206,수도권,190600,결제완료
O0300795,2025-03-03,C0652,지방,15100,결제완료
O0300796,2025-03-11,C0198,지방,8300,결제완료
O0300797,2025-03-06,C0578,수도권,259000,결제완료
O0300798,2025-03-01,C0480,수도권,74000,결제완료
O0300799,2025-03-17,C0187,수도권,230000,결제완료
O0300800,2025-03-07,C0227,수도권,191100,결제완료
O0300801,2025-03-27,C0207,제주,30500,결제완료
O0300802,2025-03-14,C0671,지방,44100,결제완료
O0300803,2025-03-20,C0262,지방,260000,결제완료
O0300804,2025-03-12,C0029,수도권,122900,결제완료
O0300805,2025-03-20,C0452,수도권,23100,결제완료
O0300806,2025-03-22,C0414,수도권,255800,결제완료
O0300807,2025-03-25,C0580,지방,40600,결제완료
O0300808,2025-03-04,C0495,수도권,162500,결제완료
O0300809,2025-03-21,C0028,수도권,214100,결제완료
O0300810,2025-03-25,C0707,제주,30900,결제완료
O0300811,2025-03-08,C0729,수도권,53100,결제완료
O0300812,2025-03-13,C0151,지방,188900,결제완료
O0300813,2025-03-31,C0136,수도권,226200,결제완료
O0300814,2025-03-28,C0259,수도권,107100,결제완료
O0300815,2025-03-30,C0284,수도권,105000,결제완료
O0300816,2025-03-28,C0464,수도권,206500,결제완료
O0300817,2025-03-18,C0119,수도권,65200,결제완료
O0300818,2025-03-31,C0142,수도권,147300,결제완료
O0300819,2025-03-31,C0309,수도권,178600,결제완료
O0300820,2025-03-10,C0009,지방,13900,결제완료
O0300821,2025-03-11,C0430,수도권,277700,결제완료
O0300822,2025-03-28,C0787,지방,105400,결제완료
O0300823,2025-03-22,C0430,수도권,28000,결제완료
O0300824,2025-03-15,C0328,수도권,43900,결제완료
O0300825,2025-03-10,C0274,지방,152400,결제완료
O0300826,2025-03-28,C0551,지방,73000,결제완료
O0300827,2025-03-11,C0795,수도권,185500,결제완료
O0300828,2025-03-22,C0205,지방,114500,결제완료
O0300829,2025-03-12,C0081,수도권,175500,결제완료
O0300830,2025-03-11,C0246,수도권,207700,결제완료
O0300831,2025-03-31,C0240,수도권,262400,결제완료
O0300832,2025-03-27,C0530,지방,59400,결제완료
O0300833,2025-03-13,C0710,수도권,20600,결제완료
O0300834,2025-03-30,C0572,제주,285300,결제완료
O0300835,2025-03-22,C0387,수도권,56500,결제완료
O0300836,2025-03-03,C0054,지방,146500,결제완료
O0300837,2025-03-12,C0555,수도권,91700,결제완료
O0300838,2025-03-19,C0238,지방,142900,결제완료
O0300839,2025-03-15,C0775,수도권,103900,결제완료
O0300840,2025-03-22,C0232,지방,54700,결제완료
O0300841,2025-03-04,C0092,수도권,9200,결제완료
O0300842,2025-03-15,C0617,수도권,73000,결제완료
O0300843,2025-03-01,C0012,지방,16500,결제완료
O0300844,2025-03-09,C0211,수도권,234000,결제완료
O0300845,2025-03-18,C0225,수도권,29800,결제완료
O0300846,2025-03-12,C0615,지방,137100,결제완료
O0300847,2025-03-08,C0409,제주,64500,결제완료
O0300848,2025-03-12,C0448,지방,42900,결제완료
O0300849,2025-03-01,C0054,수도권,65800,결제완료
O0300850,2025-03-10,C0609,수도권,100500,결제완료
O0300851,2025-03-17,C0024,수도권,171300,결제완료
O0300852,2025-03-25,C0655,지방,91200,결제완료
O0300853,2025-03-05,C0413,수도권,271100,결제완료
O0300854,2025-03-25,C0227,지방,27900,결제완료
O0300855,2025-03-04,C0019,수도권,262500,결제완료
O0300856,2025-03-11,C0307,지방,70400,결제완료
O0300857,2025-03-19,C0739,수도권,233300,결제완료
O0300858,2025-03-30,C0096,수도권,236600,결제완료
O0300859,2025-03-14,C0061,수도권,34500,결제완료
O0300860,2025-03-09,C0768,지방,149600,결제완료
O0300861,2025-03-14,C0075,지방,290400,결제완료
O0300862,2025-03-21,C0467,수도권,97500,결제완료
O0300863,2025-03-15,C0761,수도권,15200,결제완료
O0300864,2025-03-30,C0660,수도권,165300,결제완료
O0300865,2025-03-21,C0335,지방,8200,결제완료
O0300866,2025-03-28,C0520,지방,108100,결제완료
O0300867,2025-03-10,C0395,수도권,262200,결제완료
O0300868,2025-03-29,C0012,수도권,202800,결제완료
O0300869,2025-03-12,C0246,제주,150200,결제완료
O0300870,2025-03-21,C0103,지방,49500,취소
O0300871,2025-03-21,C0118,수도권,140900,결제완료
O0300872,2025-03-11,C0515,지방,293500,결제완료
O0300873,2025-03-26,C0023,지방,56700,결제완료
O0300874,2025-03-24,C0090,지방,12700,결제완료
O0300875,2025-03-05,C0250,제주,51100,결제완료
O0300876,2025-03-05,C0035,지방,77700,결제완료
O0300877,2025-03-12,C0745,지방,19100,결제완료
O0300878,2025-03-23,C0330,수도권,292900,결제완료
O0300879,2025-03-17,C0179,수도권,89800,결제완료
O0300880,2025-03-27,C0541,수도권,102300,결제완료
O0300881,2025-03-14,C0611,수도권,109900,결제완료
O0300882,2025-03-18,C0553,지방,289200,결제완료
O0300883,2025-03-27,C0634,수도권,24500,결제완료
O0300884,2025-03-05,C0757,지방,19800,결제완료
O0300885,2025-03-24,C0078,수도권,124900,결제완료
O0300886,2025-03-31,C0096,지방,103500,결제완료
O0300887,2025-03-21,C0781,제주,210800,결제완료
O0300888,2025-03-14,C0134,수도권,165500,결제완료
O0300889,2025-03-10,C0788,수도권,159400,결제완료
O0300890,2025-03-31,C0467,수도권,287800,결제완료
O0300891,2025-03-23,C0007,제주,162800,결제완료
O0300892,2025-03-10,C0089,수도권,276500,결제완료
O0300893,2025-03-27,C0334,수도권,108500,결제완료
O0300894,2025-03-18,C0467,수도권,155900,결제완료
O0300895,2025-03-11,C0407,지방,99900,결제완료
O0300896,2025-03-23,C0437,수도권,118400,결제완료
O0300897,2025-03-01,C0016,지방,295700,결제완료
O0300898,2025-03-09,C0761,지방,36500,결제완료
O0300899,2025-03-24,C0648,수도권,44200,결제완료
O0300900,2025-03-03,C0148,제주,178000,결제완료
O0300901,2025-03-04,C0254,수도권,191300,결제완료
O0300902,2025-03-19,C0350,지방,67600,결제완료
O0300903,2025-03-31,C0338,지방,125500,결제완료
O0300904,2025-03-07,C0546,수도권,98800,결제완료
O0300905,2025-03-06,C0240,지방,9500,결제완료
O0300906,2025-03-25,C0641,제주,50400,결제완료
O0300907,2025-03-10,C0764,지방,215300,결제완료
O0300908,2025-03-01,C0361,수도권,278500,결제완료
O0300909,2025-03-27,C0012,수도권,77900,결제완료
O0300910,2025-03-10,C0041,수도권,208100,결제완료
O0300911,2025-03-26,C0262,수도권,146000,결제완료
O0300912,2025-03-25,C0002,수도권,72500,결제완료
O0300913,2025-03-09,C0653,수도권,136100,결제완료
O0300914,2025-03-23,C0317,지방,162000,결제완료
O0300915,2025-03-13,C0034,수도권,160200,결제완료
O0300916,2025-03-26,C0562,지방,257600,결제완료
O0300917,2025-03-01,C0176,수도권,25300,결제완료
O0300918,2025-03-29,C0476,수도권,249800,취소
O0300919,2025-03-13,C0200,수도권,28800,결제완료
O0300920,2025-03-06,C0466,수도권,134000,결제완료
O0300921,2025-03-17,C0116,수도권,74400,결제완료
O0300922,2025-03-21,C0309,수도권,171700,결제완료
O0300923,2025-03-28,C0643,지방,126500,결제완료
O0300924,2025-03-25,C0700,수도권,154000,결제완료
O0300925,2025-03-08,C0185,지방,46300,결제완료
O0300926,2025-03-16,C0672,수도권,293300,결제완료
O0300927,2025-03-16,C0006,수도권,34600,결제완료
O0300928,2025-03-24,C0619,지방,104700,결제완료
O0300929,2025-03-11,C0370,지방,46500,결제완료
O0300930,2025-03-30,C0142,지방,260400,결제완료
O0300931,2025-03-18,C0003,지방,270900,결제완료
O0300932,2025-03-30,C0519,수도권,64600,결제완료
O0300933,2025-03-25,C0603,수도권,236400,결제완료
O0300934,2025-03-31,C0674,수도권,221600,결제완료
O0300935,2025-03-18,C0613,수도권,220700,결제완료
O0300936,2025-03-27,C0605,수도권,284900,결제완료
O0300937,2025-03-05,C0270,수도권,214700,결제완료
O0300938,2025-03-11,C0438,수도권,64800,결제완료
O0300939,2025-03-09,C0252,지방,29900,결제완료
O0300940,2025-03-04,C0377,수도권,14000,결제완료
O0300941,2025-03-06,C0352,수도권,49000,결제완료
O0300942,2025-03-01,C0008,제주,202600,결제완료
O0300943,2025-03-01,C0504,지방,161400,결제완료
O0300944,2025-03-30,C0378,수도권,106900,결제완료
O0300945,2025-03-01,C0238,수도권,217600,결제완료
O0300946,2025-03-30,C0418,지방,244700,결제완료
O0300947,2025-03-04,C0011,수도권,254100,결제완료
O0300948,2025-03-14,C0134,수도권,158200,결제완료
O0300949,2025-03-25,C0108,제주,164600,결제완료
O0300950,2025-03-25,C0640,지방,175500,결제완료
O0300951,2025-03-06,C0468,수도권,205000,결제완료
O0300952,2025-03-29,C0406,제주,258200,결제완료
O0300953,2025-03-04,C0665,수도권,124600,결제완료
O0300954,2025-03-24,C0748,수도권,137700,결제완료
O0300955,2025-03-07,C0695,수도권,177300,결제완료
O0300956,2025-03-18,C0341,제주,120400,결제완료
O0300957,2025-03-28,C0512,지방,143700,결제완료
O0300958,2025-03-04,C0093,지방,59200,결제완료
O0300959,2025-03-18,C0590,수도권,47200,결제완료
O0300960,2025-03-15,C0143,수도권,71900,결제완료
O0300961,2025-03-25,C0556,지방,27700,취소
O0300962,2025-03-02,C0264,수도권,225100,결제완료
O0300963,2025-03-15,C0116,제주,42900,결제완료
O0300964,2025-03-22,C0717,수도권,167300,결제완료
O0300965,2025-03-25,C0271,수도권,196500,결제완료
O0300966,2025-03-23,C0717,수도권,41200,결제완료
O0300967,2025-03-04,C0275,수도권,291300,결제완료
O0300968,2025-03-30,C0032,지방,67400,결제완료
O0300969,2025-03-30,C0313,수도권,49700,결제완료
O0300970,2025-03-29,C0155,제주,272700,결제완료
O0300971,2025-03-24,C0213,지방,61700,결제완료
O0300972,2025-03-01,C0411,수도권,269200,결제완료
O0300973,2025-03-15,C0586,수도권,209800,취소
O0300974,2025-03-28,C0248,지방,200800,취소
O0300975,2025-03-13,C0013,지방,288100,결제완료
O0300976,2025-03-30,C0026,지방,29100,결제완료
O0300977,2025-03-20,C0186,수도권,24500,결제완료
O0300978,2025-03-29,C0227,수도권,146700,결제완료
O0300979,2025-03-24,C0257,수도권,57000,결제완료
O0300980,2025-03-01,C0668,수도권,195300,취소
O0300981,2025-03-29,C0106,지방,172100,결제완료
O0300982,2025-03-21,C0460,수도권,161600,결제완료
O0300983,2025-03-13,C0576,수도권,59300,결제완료
O0300984,2025-03-21,C0241,지방,32700,결제완료
O0300985,2025-03-15,C0091,수도권,64000,결제완료
O0300986,2025-03-27,C0245,수도권,89400,결제완료
O0300987,2025-03-18,C0393,수도권,163200,결제완료
O0300988,2025-03-20,C0059,지방,125600,결제완료
O0300989,2025-03-14,C0795,수도권,188700,결제완료
O0300990,2025-03-23,C0731,수도권,253500,결제완료
O0300991,2025-03-01,C0710,지방,127600,결제완료
O0300992,2025-03-08,C0524,수도권,276100,결제완료
O0300993,2025-03-28,C0015,제주,196700,결제완료
O0300994,2025-03-25,C0681,수도권,20000,결제완료
O0300995,2025-03-11,C0096,지방,233500,결제완료
O0300996,2025-03-19,C0338,수도권,86500,결제완료
O0300997,2025-03-26,C0326,수도권,194900,결제완료
O0300998,2025-03-31,C0308,수도권,154800,결제완료
O0300999,2025-03-19,C0703,수도권,12100,결제완료
O0301000,2025-03-12,C0398,지방,233200,결제완료
O0301001,2025-03-15,C0745,수도권,101500,결제완료
O0301002,2025-03-24,C0626,제주,163800,결제완료
O0301003,2025-03-01,C0296,지방,121700,결제완료
O0301004,2025-03-29,C0275,지방,282400,결제완료
O0301005,2025-03-31,C0077,제주,8800,결제완료
O0301006,2025-03-26,C0293,제주,163200,결제완료
O0301007,2025-03-03,C0636,수도권,248500,결제완료
O0301008,2025-03-01,C0644,수도권,219000,결제완료
O0301009,2025-03-21,C0445,지방,7500,결제완료
O0301010,2025-03-05,C0461,수도권,107500,결제완료
O0301011,2025-03-28,C0336,지방,162700,결제완료
O0301012,2025-03-16,C0164,지방,258200,결제완료
O0301013,2025-03-04,C0357,제주,113800,결제완료
O0301014,2025-03-17,C0261,수도권,66000,결제완료
O0301015,2025-03-11,C0617,수도권,55200,결제완료
O0301016,2025-03-30,C0465,수도권,161600,결제완료
O0301017,2025-03-02,C0608,수도권,261000,결제완료
O0301018,2025-03-17,C0750,지방,44400,결제완료
O0301019,2025-03-31,C0371,지방,295900,결제완료
O0301020,2025-03-12,C0633,수도권,165300,결제완료
O0301021,2025-03-18,C0677,수도권,282900,결제완료
O0301022,2025-03-01,C0288,지방,8900,결제완료
O0301023,2025-03-28,C0633,수도권,84900,취소
O0301024,2025-03-21,C0019,수도권,245100,결제완료
O0301025,2025-03-28,C0246,수도권,55600,결제완료
O0301026,2025-03-06,C0090,수도권,121400,결제완료
O0301027,2025-03-22,C0086,지방,119400,결제완료
O0301028,2025-03-21,C0711,수도권,177800,결제완료
O0301029,2025-03-03,C0382,수도권,232300,결제완료
O0301030,2025-03-01,C0106,지방,62200,결제완료
O0301031,2025-03-05,C0145,수도권,241000,결제완료
O0301032,2025-03-13,C0662,수도권,258800,결제완료
O0301033,2025-03-12,C0206,수도권,184900,결제완료
O0301034,2025-03-24,C0386,수도권,208100,결제완료
O0301035,2025-03-05,C0563,수도권,95200,결제완료
O0301036,2025-03-29,C0473,수도권,229200,결제완료
O0301037,2025-03-10,C0704,수도권,182000,결제완료
