일자,설명,금액,결제수단
2025-04-01,GS25,4900,카드
2025-04-01,GS25,8300,카드
2025-04-01,GS25,2400,카드
2025-04-01,SK에너지 주유,63700,카드
2025-04-01,김밥천국,7600,카드
2025-04-01,배달의민족,24800,카드
2025-04-01,스타벅스,6300,카드
2025-04-01,스타벅스,6700,카드
2025-04-01,스타벅스,6400,카드
2025-04-01,스타벅스,6400,카드
2025-04-01,쿠팡,45800,카드
2025-04-01,쿠팡이츠,19600,카드
2025-04-01,쿠팡이츠,17800,카드
2025-04-02,SK에너지 주유,71900,카드
2025-04-02,당근페이,11700,카드
2025-04-02,배달의민족,25000,카드
2025-04-02,서울내과,17200,카드
2025-04-02,약국,16800,카드
2025-04-03,CU편의점,6200,카드
2025-04-03,스타벅스,5200,카드
2025-04-03,이디야커피,3800,카드
2025-04-03,이디야커피,3500,카드
2025-04-03,쿠팡와우 멤버십,7890,카드
2025-04-03,쿠팡이츠,25100,카드
2025-04-03,티머니지하철,1500,카드
2025-04-03,홈플러스,68500,카드
2025-04-04,김밥천국,8700,카드
2025-04-04,다이소,3700,카드
2025-04-04,배달의민족,17900,카드
2025-04-04,배달의민족,26300,카드
2025-04-04,이디야커피,3500,카드
2025-04-04,이디야커피,3600,카드
2025-04-04,이마트,81300,카드
2025-04-04,티머니지하철,1400,카드
2025-04-05,CGV,15000,카드
2025-04-05,CU편의점,3100,카드
2025-04-05,GS25,5600,카드
2025-04-05,GS25,8800,카드
2025-04-05,김밥천국,6700,카드
2025-04-05,김밥천국,6700,카드
2025-04-05,넷플릭스,17000,카드
2025-04-05,티머니지하철,1600,카드
2025-04-06,GS25,8100,카드
2025-04-06,GS25,4200,카드
2025-04-06,GS25,5100,카드
2025-04-06,김밥천국,4900,카드
2025-04-06,다이소,13600,카드
2025-04-06,우체국,49700,카드
2025-04-06,쿠팡,66400,카드
2025-04-06,티머니지하철,1600,카드
2025-04-06,티머니지하철,1800,카드
2025-04-07,CGV,15000,카드
2025-04-07,CU편의점,1500,카드
2025-04-07,CU편의점,2600,카드
2025-04-07,GS25,3300,카드
2025-04-07,GS25,3200,카드
2025-04-07,TAXI 8823,53100,카드
2025-04-07,배달의민족,28100,카드
2025-04-07,스타벅스,5100,카드
2025-04-07,이디야커피,4000,카드
2025-04-07,이마트,103300,카드
2025-04-07,카카오T,6500,카드
2025-04-07,쿠팡,21100,카드
2025-04-08,CU편의점,6100,카드
2025-04-08,GS25,4900,카드
2025-04-08,SK에너지 주유,71400,카드
2025-04-08,김밥천국,6300,카드
2025-04-08,김밥천국,7200,카드
2025-04-08,김밥천국,8300,카드
2025-04-08,김밥천국,4800,카드
2025-04-08,김밥천국,7100,카드
2025-04-08,멜론,10900,카드
2025-04-08,스타벅스,6100,카드
2025-04-08,스타벅스,4700,카드
2025-04-08,이마트,67000,카드
2025-04-08,카카오T,12500,카드
2025-04-08,티머니지하철,1600,카드
2025-04-09,김밥천국,6900,카드
2025-04-09,배달의민족,21500,카드
2025-04-09,이마트,102500,카드
2025-04-09,쿠팡,10300,카드
2025-04-10,CU편의점,4500,카드
2025-04-10,CU편의점,7100,카드
2025-04-10,iCloud 저장공간,3300,카드
2025-04-10,쿠팡이츠,26700,카드
2025-04-10,티머니지하철,1600,카드
2025-04-10,티머니지하철,1700,카드
2025-04-10,티머니지하철,1900,카드
2025-04-11,SSG.COM,47800,카드
2025-04-11,김밥천국,5100,카드
2025-04-11,김밥천국,5500,카드
2025-04-11,스타벅스,7500,카드
2025-04-11,스타벅스,6700,카드
2025-04-11,티머니지하철,1800,카드
2025-04-12,CU편의점,3400,카드
2025-04-12,김밥천국,7200,카드
2025-04-12,배달의민족,18000,카드
2025-04-12,유튜브프리미엄,14900,카드
2025-04-12,티머니지하철,1800,카드
2025-04-13,KTX 코레일,31200,카드
2025-04-13,김밥천국,8900,카드
2025-04-14,CU편의점,4600,카드
2025-04-14,GS25,1600,카드
2025-04-14,GS25,3800,카드
2025-04-14,맘스터치,57000,카드
2025-04-14,스타벅스,6100,카드
2025-04-14,이마트,79700,카드
2025-04-14,카카오T,10500,카드
2025-04-15,김밥천국,4900,카드
2025-04-15,김밥천국,6200,카드
2025-04-15,메가MGC커피,58000,카드
2025-04-15,스타벅스,7700,카드
2025-04-15,약국,8200,카드
2025-04-15,왓챠,12900,카드
2025-04-15,쿠팡,65300,카드
2025-04-15,쿠팡,17500,카드
2025-04-16,CGV,15000,카드
2025-04-16,CU편의점,3000,카드
2025-04-16,GS25,1500,카드
2025-04-16,GS25,4500,카드
2025-04-16,KTX 코레일,14900,카드
2025-04-16,김밥천국,7600,카드
2025-04-16,동네세탁소,25000,카드
2025-04-16,무신사,38800,카드
2025-04-16,스타벅스,6800,카드
2025-04-16,이디야커피,4200,카드
2025-04-17,CU편의점,3100,카드
2025-04-17,NAVERPAY 결제,22400,카드
2025-04-17,김밥천국,6700,카드
2025-04-17,김밥천국,5100,카드
2025-04-17,이디야커피,3900,카드
2025-04-17,카카오T,12100,카드
2025-04-18,CU편의점,6500,카드
2025-04-18,GS25,4400,카드
2025-04-18,배달의민족,16600,카드
2025-04-18,카카오T,8400,카드
2025-04-18,카카오T,5500,카드
2025-04-18,쿠팡이츠,16200,카드
2025-04-18,티머니지하철,1900,카드
2025-04-19,다이소,6800,카드
2025-04-19,다이소,4900,카드
2025-04-19,동네세탁소,32400,카드
2025-04-19,약국,3600,카드
2025-04-19,쿠팡,9500,카드
2025-04-19,티머니지하철,2000,카드
2025-04-19,티머니지하철,2000,카드
2025-04-19,홈플러스,95000,카드
2025-04-20,CU편의점,3600,카드
2025-04-20,CU편의점,2900,카드
2025-04-20,GS25,3800,카드
2025-04-20,GS25,6700,카드
2025-04-20,배달의민족,24600,카드
2025-04-20,스포티파이,10900,카드
2025-04-20,이디야커피,5200,카드
2025-04-20,이디야커피,4600,카드
2025-04-20,카카오T,12300,카드
2025-04-20,쿠팡,23800,카드
2025-04-20,쿠팡,50500,카드
2025-04-21,CU편의점,3300,카드
2025-04-21,메가MGC커피,4300,카드
2025-04-21,배달의민족,21600,카드
2025-04-21,스타벅스,6500,카드
2025-04-21,쿠팡,21000,카드
2025-04-21,쿠팡,51900,카드
2025-04-21,쿠팡이츠,17100,카드
2025-04-21,홈플러스,80100,카드
2025-04-21,홈플러스,76200,카드
2025-04-22,GS25,8200,카드
2025-04-22,GS25,3200,카드
2025-04-22,스타벅스,4600,카드
2025-04-22,스타벅스,4900,카드
2025-04-22,이마트,111600,카드
2025-04-22,쿠팡,26100,카드
2025-04-22,티머니지하철,1400,카드
2025-04-23,AMZN Mktp US,20200,카드
2025-04-23,GS25,3200,카드
2025-04-23,김밥천국,5900,카드
2025-04-23,배달의민족,20000,카드
2025-04-23,배달의민족,17600,카드
2025-04-23,스타벅스,5000,카드
2025-04-23,스타벅스,6400,카드
2025-04-23,약국,16600,카드
2025-04-23,이마트,73400,카드
2025-04-23,티머니지하철,1700,카드
2025-04-23,티머니지하철,1700,카드
2025-04-24,CU편의점,5000,카드
2025-04-24,GS25,4900,카드
2025-04-24,HAIRSHOP BLUE,35700,카드
2025-04-24,스타벅스,6700,카드
2025-04-24,카카오T,9000,카드
2025-04-24,카카오T,13000,카드
2025-04-24,티머니지하철,1400,카드
2025-04-25,CU편의점,1600,카드
2025-04-25,김밥천국,5200,카드
2025-04-25,배달의민족,29600,카드
2025-04-25,서울내과,18300,카드
2025-04-25,아파트 관리비,180000,자동이체
2025-04-25,이디야커피,5500,카드
2025-04-25,이마트,67000,카드
2025-04-25,카카오T,14700,카드
2025-04-25,티머니지하철,2000,카드
2025-04-26,CU편의점,5200,카드
2025-04-26,교보문고,32300,카드
2025-04-26,스타벅스,5100,카드
2025-04-26,스타벅스,5000,카드
2025-04-27,CU편의점,1900,카드
2025-04-27,SKT 통신요금,89000,자동이체
2025-04-27,김밥천국,4600,카드
2025-04-27,카카오T,12000,카드
2025-04-27,티머니지하철,1400,카드
2025-04-27,홈플러스,62900,카드
2025-04-28,CU편의점,1800,카드
2025-04-28,CU편의점,1500,카드
2025-04-28,GS25,3800,카드
2025-04-28,GS25,5200,카드
2025-04-28,배달의민족,17200,카드
2025-04-28,배달의민족,31100,카드
2025-04-28,스타벅스,6300,카드
2025-04-28,스타벅스,7600,카드
2025-04-28,티머니지하철,1900,카드
2025-04-29,APPLE.COM/BILL,38300,카드
2025-04-29,OLIVEYOUNG 강남,10100,카드
2025-04-29,우체국,55000,카드
2025-04-29,이마트,79600,카드
2025-04-29,카카오T,13900,카드
2025-04-30,GS25,3500,카드
2025-04-30,GS25,5800,카드
2025-04-30,교보문고,21200,카드
2025-04-30,다이소,9800,카드
2025-04-30,스타벅스,5800,카드
2025-04-30,쿠팡이츠,15600,카드
2025-04-30,티머니지하철,1800,카드
2025-04-30,티머니지하철,1700,카드
