학번,납부일,금액
S0036,2025-10-02,180000
S0047,2025-10-09,220000
S0139,2025-10-08,180000
S0160,2025-10-01,180000
S0130,2025-10-09,210000
S0037,2025-10-04,220000
S0078,2025-10-04,220000
S0140,2025-10-07,220000
S0004,2025-10-07,180000
S0287,2025-10-08,180000
S0048,2025-10-09,240000
S0121,2025-10-07,180000
S0225,2025-10-01,180000
S0193,2025-10-02,180000
S0050,2025-10-04,200000
S0256,2025-10-08,240000
S0260,2025-10-09,240000
S0196,2025-10-02,300000
S0313,2025-10-01,240000
S0032,2025-10-06,240000
S0134,2025-10-05,180000
S0163,2025-10-02,240000
S0042,2025-10-05,180000
S0221,2025-10-08,180000
S0068,2025-10-05,240000
S0269,2025-10-07,180000
S0308,2025-10-09,280000
S0136,2025-10-04,200000
S0301,2025-10-01,180000
S0258,2025-10-08,180000
S0115,2025-10-02,280000
S0144,2025-10-09,240000
S0086,2025-10-07,280000
S0281,2025-10-05,180000
S0103,2025-10-07,180000
S0014,2025-10-10,240000
S0151,2025-10-05,240000
S0120,2025-10-01,240000
S0206,2025-10-10,180000
S0154,2025-10-07,180000
S0282,2025-10-10,200000
S0025,2025-10-08,300000
S0085,2025-10-01,240000
S0237,2025-10-02,280000
S0232,2025-10-03,180000
S0315,2025-10-07,300000
S0292,2025-10-07,220000
S0061,2025-10-03,240000
S0316,2025-10-01,220000
S0254,2025-10-03,180000
S0067,2025-10-09,300000
S0285,2025-10-05,280000
S0243,2025-10-02,240000
S0051,2025-10-07,200000
S0081,2025-10-07,300000
S0262,2025-10-05,240000
S0207,2025-10-09,180000
S0274,2025-10-02,180000
S0271,2025-10-03,240000
S0098,2025-10-09,240000
S0307,2025-10-08,240000
S0138,2025-10-04,180000
S0175,2025-10-08,180000
S0194,2025-10-07,240000
S0091,2025-10-07,180000
S0236,2025-10-05,300000
S0111,2025-10-05,280000
S0246,2025-10-03,200000
S0182,2025-10-08,280000
S0201,2025-10-02,280000
S0187,2025-10-02,220000
S0164,2025-10-05,180000
S0056,2025-10-06,240000
S0016,2025-10-06,240000
S0229,2025-10-03,220000
S0058,2025-10-06,220000
S0248,2025-10-07,180000
S0135,2025-10-05,180000
S0232,2025-10-04,180000
S0199,2025-10-09,180000
S0065,2025-10-09,180000
S0190,2025-10-06,280000
S0249,2025-10-07,220000
S0024,2025-10-04,200000
S0241,2025-10-10,240000
S0105,2025-10-05,180000
S0195,2025-10-03,220000
S0224,2025-10-04,180000
S0319,2025-10-01,240000
S0028,2025-10-05,180000
S0124,2025-10-02,280000
S0226,2025-10-04,240000
S0096,2025-10-07,240000
S0035,2025-10-01,240000
S0122,2025-10-06,180000
S0306,2025-10-03,240000
S0197,2025-10-02,180000
S0141,2025-10-08,300000
S0019,2025-10-09,220000
S0234,2025-10-06,180000
S0008,2025-10-08,180000
S0083,2025-10-05,300000
S0076,2025-10-01,220000
S0148,2025-10-09,180000
S0038,2025-10-01,180000
S0220,2025-10-06,240000
S0219,2025-10-01,240000
S0023,2025-10-10,280000
S0167,2025-10-10,200000
S0127,2025-10-06,240000
S0212,2025-10-01,240000
S0157,2025-10-04,280000
S0233,2025-10-09,240000
S0155,2025-10-02,280000
S0239,2025-10-03,200000
S0250,2025-10-09,180000
S0183,2025-10-05,220000
S0310,2025-10-03,240000
S0102,2025-10-04,300000
S0112,2025-10-06,280000
S0314,2025-10-09,200000
S0114,2025-10-09,200000
S0231,2025-10-09,180000
S0106,2025-10-09,180000
S0291,2025-10-03,300000
S0270,2025-10-05,220000
S0204,2025-10-04,240000
S0109,2025-10-09,240000
S0149,2025-10-05,200000
S0161,2025-10-09,200000
S0253,2025-10-07,180000
S0088,2025-10-09,180000
S0200,2025-10-01,280000
S0129,2025-10-06,180000
S0147,2025-10-05,240000
S0029,2025-10-02,180000
S0213,2025-10-05,240000
S0289,2025-10-04,220000
S0004,2025-10-06,180000
S0214,2025-10-01,240000
S0223,2025-10-09,220000
S0066,2025-10-05,180000
S0041,2025-10-05,180000
S0242,2025-10-05,180000
S0145,2025-10-01,180000
S0070,2025-10-02,240000
S0027,2025-10-07,280000
S0064,2025-10-01,210000
S0166,2025-10-03,180000
S0191,2025-10-06,280000
S0062,2025-10-08,240000
S0150,2025-10-09,180000
S0244,2025-10-07,300000
S0177,2025-10-01,250000
S0295,2025-10-01,300000
S0090,2025-10-04,280000
S0020,2025-10-09,220000
S0070,2025-10-01,240000
S0272,2025-10-09,300000
S0119,2025-10-09,280000
S0094,2025-10-05,240000
S0265,2025-10-09,180000
S0227,2025-10-08,220000
S0005,2025-10-04,300000
S0031,2025-10-07,240000
S0092,2025-10-03,200000
S0238,2025-10-07,200000
S0080,2025-10-05,300000
S0046,2025-10-04,200000
S0189,2025-10-05,280000
S0178,2025-10-10,280000
S0186,2025-10-03,300000
S0077,2025-10-06,240000
S0045,2025-10-05,300000
S0137,2025-10-10,180000
S0142,2025-10-09,300000
S0159,2025-10-04,180000
S0297,2025-10-08,240000
S0170,2025-10-05,180000
S0128,2025-10-01,240000
S0007,2025-10-09,180000
S0245,2025-10-09,280000
S0100,2025-10-08,240000
S0181,2025-10-02,240000
S0093,2025-10-10,180000
S0185,2025-10-05,240000
S0299,2025-10-02,280000
S0143,2025-10-04,200000
S0211,2025-10-05,200000
S0015,2025-10-05,280000
S0126,2025-10-01,200000
S0263,2025-10-06,180000
S0222,2025-10-05,280000
S0099,2025-10-01,180000
S0202,2025-10-02,200000
S0273,2025-10-04,300000
S0268,2025-10-02,200000
S0300,2025-10-01,220000
S0108,2025-10-02,180000
S0304,2025-10-06,170000
S0153,2025-10-10,180000
S0205,2025-10-03,200000
S0179,2025-10-09,200000
S0288,2025-10-01,240000
S0293,2025-10-04,200000
S0043,2025-10-06,180000
S0266,2025-10-03,200000
S0087,2025-10-03,220000
S0320,2025-10-05,200000
S0152,2025-10-04,180000
S0184,2025-10-01,240000
S0169,2025-10-04,200000
S0198,2025-10-07,200000
S0168,2025-10-04,170000
S0240,2025-10-09,180000
S0172,2025-10-06,200000
S0305,2025-10-09,180000
S0017,2025-10-06,180000
S0247,2025-10-07,240000
S0267,2025-10-10,240000
S0132,2025-10-02,300000
S0278,2025-10-05,180000
S0216,2025-10-04,200000
S0277,2025-10-02,220000
S0012,2025-10-01,180000
S0317,2025-10-09,200000
S0052,2025-10-06,240000
S0303,2025-10-09,220000
S0074,2025-10-04,240000
S0003,2025-10-09,220000
S0156,2025-10-04,300000
S0280,2025-10-10,240000
S0010,2025-10-09,240000
S0117,2025-10-07,180000
S0252,2025-10-09,200000
S0072,2025-10-01,300000
S0215,2025-10-09,220000
S0110,2025-10-10,300000
S0261,2025-10-10,300000
S0030,2025-10-06,180000
S0318,2025-10-09,200000
S0311,2025-10-09,180000
S0009,2025-10-02,280000
S0060,2025-10-02,240000
S0006,2025-10-01,180000
S0302,2025-10-08,300000
S0044,2025-10-02,180000
S0011,2025-10-06,300000
S0173,2025-10-02,220000
S0084,2025-10-04,200000
S0069,2025-10-05,240000
S0279,2025-10-08,180000
S0180,2025-10-09,180000
S0097,2025-10-05,200000
S0283,2025-10-05,240000
S0001,2025-10-09,280000
S0165,2025-10-08,180000
S0298,2025-10-06,180000
S0235,2025-10-08,240000
S0113,2025-10-08,300000
S0021,2025-10-08,180000
S0089,2025-10-06,150000
S0053,2025-10-05,240000
S0264,2025-10-02,280000
S0251,2025-10-04,280000
S0176,2025-10-05,200000
S0208,2025-10-02,280000
S0276,2025-10-08,240000
S0013,2025-10-01,200000
S0188,2025-10-01,180000
S0230,2025-10-10,240000
S0018,2025-10-10,300000
S0034,2025-10-10,180000
S0266,2025-10-04,200000
S0116,2025-10-01,240000
S0203,2025-10-01,200000
S0075,2025-10-09,240000
S0255,2025-10-06,240000
S0040,2025-10-05,240000
S0002,2025-10-10,240000
S0063,2025-10-03,180000
S0049,2025-10-01,240000
S0077,2025-10-05,240000
S0101,2025-10-03,300000
S0133,2025-10-04,200000
S0259,2025-10-04,240000
S0073,2025-10-04,280000
S0059,2025-10-09,240000
