id,team,attend,dates,diet,note
E001,운영,Y,12-19,,
E002,개발,Y,12-12;12-13,,
E003,디자인,N,,,"늦게 도착, 7시 이후"
E004,디자인,Y,12-12;12-13,,
E005,영업,미정,12-12,,"주차 필요, 차량 2대"
E006,디자인,Y,12-12;12-13,,
E007,개발,Y,12-12,,
E008,개발,Y,12-13;12-19,,
E009,개발,Y,12-12;12-19,,
E010,영업,Y,12-12,,
E011,기획,N,,,
E012,디자인,Y,12-12;12-13;12-19,,
E013,기획,Y,12-12;12-13;12-19,채식,
E014,재무,Y,12-13;12-19,,
E015,영업,Y,12-12;12-13;12-19,,
E016,영업,Y,12-12;12-13,견과류 알레르기,
E017,재무,Y,12-12;12-19,,
E018,개발,Y,12-19,,
E019,기획,Y,12-12;12-13,,
E020,기획,Y,12-12,,"주차 필요, 차량 2대"
E021,재무,미정,12-12;12-13;12-19,,"늦게 도착, 7시 이후"
E022,운영,Y,12-12;12-13,채식,
E023,영업,Y,12-13;12-19,,
E024,개발,Y,12-13,,
E025,디자인,Y,12-12;12-19,,
E026,운영,Y,12-12;12-13,,
E027,영업,미정,12-12;12-19,,
E028,개발,Y,12-12;12-13;12-19,,"늦게 도착, 7시 이후"
E029,개발,Y,12-12;12-13,,
E030,디자인,Y,12-12,,
E031,영업,Y,12-13;12-19,,"주차 필요, 차량 2대"
E032,운영,Y,12-12;12-13,채식,"늦게 도착, 7시 이후"
E033,기획,Y,12-12,견과류 알레르기,
E034,재무,Y,12-12,,
E035,재무,Y,12-19,,
E036,디자인,N,,,
E037,디자인,Y,12-19,,
E038,기획,미정,12-12;12-13;12-19,,
E039,디자인,미정,12-12,,
E040,디자인,미정,12-12,,
E041,재무,미정,12-13,,
E042,재무,Y,12-12;12-19,,"주차 필요, 차량 2대"
E043,개발,Y,12-12,,
E044,기획,Y,12-19,,
E045,영업,미정,12-12;12-13;12-19,채식,
E046,개발,Y,12-12;12-13;12-19,,
E047,운영,Y,12-13;12-19,,
E048,디자인,Y,12-12;12-13;12-19,견과류 알레르기,
E049,영업,Y,12-12;12-13,,
E050,개발,Y,12-12;12-19,,
E051,개발,Y,12-13;12-19,,"주차 필요, 차량 2대"
E052,기획,Y,12-13,,
E053,재무,Y,12-13,,
E054,운영,미정,12-12;12-13,,
E055,영업,Y,12-13;12-19,,
E056,개발,Y,12-12;12-13;12-19,,
E057,디자인,Y,12-19,,
E058,디자인,미정,12-19,,
E059,운영,미정,12-13,,"주차 필요, 차량 2대"
E060,디자인,미정,12-12;12-13;12-19,,
E061,영업,Y,12-12;12-13,,
E062,디자인,미정,12-13;12-19,,
E063,디자인,Y,12-12;12-13,,
E064,디자인,Y,12-12;12-13;12-19,,
E065,개발,Y,12-19,,
E066,재무,Y,12-13;12-19,,
E067,운영,Y,12-12;12-13,채식,
E068,개발,미정,12-12;12-13,,
E069,운영,Y,12-12;12-13;12-19,,
E070,재무,Y,12-12;12-19,,
E071,영업,N,,,
E072,디자인,Y,12-12;12-13;12-19,채식,
E073,개발,N,,,
E074,기획,Y,12-12;12-19,,"주차 필요, 차량 2대"
E075,운영,미정,12-19,,
E076,영업,Y,12-12,,
E077,재무,Y,12-12,,
E078,영업,미정,12-19,,
E079,재무,Y,12-12;12-13,,"주차 필요, 차량 2대"
E080,개발,Y,12-12;12-13,,
E081,개발,Y,12-12;12-19,,
E082,개발,Y,12-12;12-19,,
E083,기획,Y,12-12;12-13;12-19,,
E084,개발,Y,12-12,견과류 알레르기,
E085,기획,미정,12-12;12-13,,
E086,개발,Y,12-12;12-13;12-19,,
E087,재무,미정,12-13;12-19,견과류 알레르기,"주차 필요, 차량 2대"
E088,개발,Y,12-12;12-13;12-19,견과류 알레르기,
E089,디자인,Y,12-13;12-19,,
E090,디자인,Y,12-13;12-19,,
E091,디자인,Y,12-12;12-19,채식,
E092,재무,Y,12-13,,
E093,운영,Y,12-12;12-13;12-19,,"늦게 도착, 7시 이후"
E094,디자인,Y,12-19,,"주차 필요, 차량 2대"
E095,영업,Y,12-13,,
E096,운영,Y,12-19,,"늦게 도착, 7시 이후"
E097,재무,Y,12-13;12-19,,
E098,기획,Y,12-12;12-13,,
E099,디자인,Y,12-12;12-13,,
E100,재무,Y,12-12;12-13;12-19,,
E101,기획,Y,12-12;12-13,채식,
E102,디자인,N,,,
E103,기획,Y,12-12;12-13;12-19,,
E104,개발,N,,견과류 알레르기,
E105,기획,Y,12-12;12-13;12-19,,
E106,영업,Y,12-19,,"늦게 도착, 7시 이후"
E107,영업,미정,12-12;12-13,,
E108,기획,Y,12-13;12-19,,
E109,개발,N,,,
E110,개발,Y,12-12,채식,
E111,재무,Y,12-12;12-19,,
E112,개발,Y,12-12;12-13;12-19,,
E113,영업,Y,12-12;12-13,,
E114,기획,N,,,
E115,재무,N,,,
E116,재무,N,,,
E117,기획,Y,12-12,,
E118,영업,Y,12-12,채식,
E119,영업,N,,,
E120,영업,Y,12-13;12-19,,
