학번,이름,반,수강료,상태
S0001,학생001,중등영어A,220000,재원
S0002,학생002,논술A,200000,재원
S0003,학생003,초등수학B,180000,재원
S0004,학생004,논술A,200000,재원
S0005,학생005,초등수학B,180000,재원
S0006,학생006,논술A,200000,재원
S0007,학생007,고등영어A,280000,재원
S0008,학생008,중등수학A,240000,재원
S0009,학생009,중등영어A,220000,재원
S0010,학생010,고등수학A,300000,재원
S0011,학생011,중등수학A,240000,재원
S0012,학생012,초등수학A,180000,재원
S0013,학생013,중등수학B,240000,재원
S0014,학생014,중등수학A,240000,재원
S0015,학생015,논술A,200000,재원
S0016,학생016,고등수학A,300000,재원
S0017,학생017,초등수학A,180000,재원
S0018,학생018,초등수학A,180000,재원
S0019,학생019,고등영어A,280000,재원
S0020,학생020,초등수학B,180000,재원
S0021,학생021,중등영어A,220000,재원
S0022,학생022,논술A,200000,재원
S0023,학생023,초등수학B,180000,재원
S0024,학생024,초등수학A,180000,재원
S0025,학생025,고등수학A,300000,재원
S0026,학생026,논술A,200000,재원
S0027,학생027,초등수학A,180000,재원
S0028,학생028,논술A,200000,재원
S0029,학생029,중등수학B,240000,재원
S0030,학생030,고등영어A,280000,재원
S0031,학생031,중등영어A,220000,재원
S0032,학생032,논술A,200000,재원
S0033,학생033,고등영어A,280000,재원
S0034,학생034,중등수학B,240000,재원
S0035,학생035,초등수학B,180000,재원
S0036,학생036,초등수학B,180000,재원
S0037,학생037,초등수학A,180000,재원
S0038,학생038,고등수학A,300000,재원
S0039,학생039,고등수학A,300000,재원
S0040,학생040,중등영어A,220000,재원
S0041,학생041,중등영어A,220000,재원
S0042,학생042,고등영어A,280000,재원
S0043,학생043,논술A,200000,재원
S0044,학생044,초등수학B,180000,재원
S0045,학생045,고등영어A,280000,재원
S0046,학생046,초등수학B,180000,퇴원
S0047,학생047,초등수학A,180000,재원
S0048,학생048,중등수학A,240000,재원
S0049,학생049,초등수학B,180000,재원
S0050,학생050,중등수학A,240000,재원
S0051,학생051,초등수학A,180000,재원
S0052,학생052,중등수학A,240000,재원
S0053,학생053,중등수학A,240000,재원
S0054,학생054,중등수학A,240000,재원
S0055,학생055,중등수학A,240000,재원
S0056,학생056,고등영어A,280000,재원
S0057,학생057,중등수학A,240000,재원
S0058,학생058,초등수학A,180000,재원
S0059,학생059,중등수학B,240000,재원
S0060,학생060,초등수학B,180000,재원
S0061,학생061,초등수학A,180000,재원
S0062,학생062,고등영어A,280000,재원
S0063,학생063,초등수학A,180000,재원
S0064,학생064,중등수학B,240000,재원
S0065,학생065,중등영어A,220000,재원
S0066,학생066,중등영어A,220000,재원
S0067,학생067,초등수학A,180000,재원
S0068,학생068,중등수학B,240000,재원
S0069,학생069,논술A,200000,재원
S0070,학생070,초등수학A,180000,재원
S0071,학생071,고등수학A,300000,재원
S0072,학생072,고등영어A,280000,재원
S0073,학생073,초등수학B,180000,재원
S0074,학생074,중등영어A,220000,재원
S0075,학생075,중등수학A,240000,재원
S0076,학생076,고등수학A,300000,재원
S0077,학생077,논술A,200000,퇴원
S0078,학생078,초등수학A,180000,재원
S0079,학생079,초등수학A,180000,퇴원
S0080,학생080,고등수학A,300000,재원
S0081,학생081,고등수학A,300000,재원
S0082,학생082,초등수학A,180000,재원
S0083,학생083,초등수학A,180000,재원
S0084,학생084,중등수학A,240000,재원
S0085,학생085,중등수학B,240000,재원
S0086,학생086,고등수학A,300000,재원
S0087,학생087,초등수학B,180000,재원
S0088,학생088,논술A,200000,재원
S0089,학생089,초등수학A,180000,퇴원
S0090,학생090,초등수학A,180000,재원
S0091,학생091,중등수학B,240000,재원
S0092,학생092,중등영어A,220000,재원
S0093,학생093,중등영어A,220000,퇴원
S0094,학생094,고등영어A,280000,재원
S0095,학생095,초등수학A,180000,퇴원
S0096,학생096,고등영어A,280000,재원
S0097,학생097,고등영어A,280000,재원
S0098,학생098,중등수학A,240000,재원
S0099,학생099,초등수학B,180000,재원
S0100,학생100,고등영어A,280000,퇴원
S0101,학생101,중등영어A,220000,재원
S0102,학생102,고등수학A,300000,재원
S0103,학생103,고등영어A,280000,재원
S0104,학생104,고등수학A,300000,재원
S0105,학생105,중등영어A,220000,재원
S0106,학생106,초등수학A,180000,재원
S0107,학생107,고등수학A,300000,재원
S0108,학생108,고등영어A,280000,재원
S0109,학생109,중등영어A,220000,재원
S0110,학생110,초등수학B,180000,재원
S0111,학생111,초등수학A,180000,퇴원
S0112,학생112,중등영어A,220000,재원
S0113,학생113,고등영어A,280000,재원
S0114,학생114,중등영어A,220000,재원
S0115,학생115,중등영어A,220000,재원
S0116,학생116,중등영어A,220000,재원
S0117,학생117,중등영어A,220000,재원
S0118,학생118,초등수학B,180000,재원
S0119,학생119,고등영어A,280000,재원
S0120,학생120,중등영어A,220000,재원
S0121,학생121,중등영어A,220000,재원
S0122,학생122,중등수학B,240000,재원
S0123,학생123,초등수학A,180000,재원
S0124,학생124,고등수학A,300000,재원
S0125,학생125,중등수학A,240000,퇴원
S0126,학생126,초등수학B,180000,재원
S0127,학생127,중등수학B,240000,재원
S0128,학생128,초등수학B,180000,재원
S0129,학생129,중등수학B,240000,재원
S0130,학생130,논술A,200000,재원
S0131,학생131,초등수학B,180000,재원
S0132,학생132,고등영어A,280000,재원
S0133,학생133,중등수학B,240000,재원
S0134,학생134,논술A,200000,재원
S0135,학생135,중등수학A,240000,퇴원
S0136,학생136,중등수학B,240000,재원
S0137,학생137,초등수학B,180000,재원
S0138,학생138,고등수학A,300000,재원
S0139,학생139,고등수학A,300000,재원
S0140,학생140,중등수학A,240000,재원
S0141,학생141,고등영어A,280000,재원
S0142,학생142,고등영어A,280000,재원
S0143,학생143,고등수학A,300000,재원
S0144,학생144,고등영어A,280000,재원
S0145,학생145,논술A,200000,재원
S0146,학생146,중등수학A,240000,재원
S0147,학생147,고등영어A,280000,재원
S0148,학생148,초등수학A,180000,재원
S0149,학생149,중등수학A,240000,재원
S0150,학생150,고등수학A,300000,재원
S0151,학생151,초등수학A,180000,재원
S0152,학생152,초등수학A,180000,재원
S0153,학생153,초등수학A,180000,재원
S0154,학생154,고등수학A,300000,재원
S0155,학생155,중등영어A,220000,재원
S0156,학생156,초등수학B,180000,재원
S0157,학생157,논술A,200000,재원
S0158,학생158,중등수학A,240000,재원
S0159,학생159,중등수학B,240000,재원
S0160,학생160,중등영어A,220000,재원
S0161,학생161,중등수학A,240000,재원
S0162,학생162,고등영어A,280000,재원
S0163,학생163,고등영어A,280000,재원
S0164,학생164,중등수학A,240000,재원
S0165,학생165,초등수학B,180000,재원
S0166,학생166,중등수학A,240000,재원
S0167,학생167,중등수학A,240000,재원
S0168,학생168,고등수학A,300000,재원
S0169,학생169,중등수학B,240000,재원
S0170,학생170,중등영어A,220000,퇴원
S0171,학생171,고등영어A,280000,재원
S0172,학생172,중등수학A,240000,재원
S0173,학생173,초등수학B,180000,재원
S0174,학생174,고등영어A,280000,재원
S0175,학생175,중등영어A,220000,재원
S0176,학생176,고등영어A,280000,재원
S0177,학생177,초등수학B,180000,재원
S0178,학생178,초등수학A,180000,재원
S0179,학생179,고등수학A,300000,재원
S0180,학생180,고등수학A,300000,재원
S0181,학생181,중등수학B,240000,재원
S0182,학생182,중등영어A,220000,재원
S0183,학생183,논술A,200000,재원
S0184,학생184,중등수학A,240000,재원
S0185,학생185,초등수학A,180000,재원
S0186,학생186,고등영어A,280000,재원
S0187,학생187,중등수학B,240000,재원
S0188,학생188,초등수학A,180000,재원
S0189,학생189,고등수학A,300000,재원
S0190,학생190,고등수학A,300000,재원
S0191,학생191,초등수학A,180000,재원
S0192,학생192,고등수학A,300000,재원
S0193,학생193,초등수학A,180000,재원
S0194,학생194,논술A,200000,재원
S0195,학생195,중등수학A,240000,재원
S0196,학생196,중등영어A,220000,재원
S0197,학생197,초등수학B,180000,재원
S0198,학생198,고등영어A,280000,재원
S0199,학생199,고등수학A,300000,재원
S0200,학생200,고등영어A,280000,재원
S0201,학생201,고등수학A,300000,재원
S0202,학생202,중등수학A,240000,퇴원
S0203,학생203,초등수학B,180000,재원
S0204,학생204,초등수학B,180000,재원
S0205,학생205,중등수학A,240000,재원
S0206,학생206,초등수학A,180000,재원
S0207,학생207,초등수학B,180000,재원
S0208,학생208,중등영어A,220000,재원
S0209,학생209,중등영어A,220000,재원
S0210,학생210,초등수학B,180000,재원
S0211,학생211,논술A,200000,재원
S0212,학생212,고등수학A,300000,재원
S0213,학생213,중등수학A,240000,재원
S0214,학생214,고등수학A,300000,재원
S0215,학생215,중등영어A,220000,재원
S0216,학생216,중등수학B,240000,재원
S0217,학생217,중등수학A,240000,재원
S0218,학생218,중등수학A,240000,재원
S0219,학생219,중등수학B,240000,재원
S0220,학생220,초등수학B,180000,재원
S0221,학생221,중등수학B,240000,재원
S0222,학생222,중등영어A,220000,재원
S0223,학생223,고등수학A,300000,재원
S0224,학생224,중등영어A,220000,재원
S0225,학생225,고등영어A,280000,재원
S0226,학생226,고등수학A,300000,재원
S0227,학생227,초등수학B,180000,재원
S0228,학생228,초등수학A,180000,재원
S0229,학생229,중등영어A,220000,재원
S0230,학생230,고등영어A,280000,재원
S0231,학생231,초등수학B,180000,재원
S0232,학생232,초등수학A,180000,재원
S0233,학생233,논술A,200000,재원
S0234,학생234,논술A,200000,재원
S0235,학생235,초등수학B,180000,재원
S0236,학생236,논술A,200000,재원
S0237,학생237,중등수학A,240000,재원
S0238,학생238,중등영어A,220000,재원
S0239,학생239,초등수학A,180000,재원
S0240,학생240,고등영어A,280000,재원
S0241,학생241,중등수학B,240000,재원
S0242,학생242,초등수학B,180000,재원
S0243,학생243,고등수학A,300000,재원
S0244,학생244,고등수학A,300000,재원
S0245,학생245,고등수학A,300000,재원
S0246,학생246,초등수학A,180000,재원
S0247,학생247,논술A,200000,재원
S0248,학생248,중등수학B,240000,재원
S0249,학생249,중등영어A,220000,재원
S0250,학생250,중등영어A,220000,재원
S0251,학생251,초등수학B,180000,퇴원
S0252,학생252,고등수학A,300000,재원
S0253,학생253,논술A,200000,퇴원
S0254,학생254,중등영어A,220000,재원
S0255,학생255,중등영어A,220000,재원
S0256,학생256,논술A,200000,재원
S0257,학생257,고등수학A,300000,재원
S0258,학생258,초등수학B,180000,재원
S0259,학생259,중등영어A,220000,재원
S0260,학생260,중등수학B,240000,재원
S0261,학생261,초등수학B,180000,재원
S0262,학생262,중등수학B,240000,재원
S0263,학생263,중등수학A,240000,재원
S0264,학생264,논술A,200000,재원
S0265,학생265,고등영어A,280000,재원
S0266,학생266,초등수학A,180000,퇴원
S0267,학생267,초등수학B,180000,재원
S0268,학생268,고등영어A,280000,재원
S0269,학생269,중등영어A,220000,재원
S0270,학생270,초등수학A,180000,재원
S0271,학생271,중등수학B,240000,재원
S0272,학생272,초등수학A,180000,재원
S0273,학생273,논술A,200000,재원
S0274,학생274,초등수학B,180000,재원
S0275,학생275,중등수학B,240000,재원
S0276,학생276,중등수학B,240000,재원
S0277,학생277,논술A,200000,재원
S0278,학생278,중등수학A,240000,재원
S0279,학생279,초등수학A,180000,재원
S0280,학생280,중등수학B,240000,재원
S0281,학생281,중등수학A,240000,재원
S0282,학생282,고등영어A,280000,재원
S0283,학생283,초등수학B,180000,재원
S0284,학생284,중등영어A,220000,재원
S0285,학생285,중등수학B,240000,재원
S0286,학생286,중등수학A,240000,재원
S0287,학생287,중등영어A,220000,재원
S0288,학생288,초등수학A,180000,재원
S0289,학생289,초등수학B,180000,재원
S0290,학생290,중등수학A,240000,재원
S0291,학생291,초등수학A,180000,재원
S0292,학생292,논술A,200000,퇴원
S0293,학생293,고등수학A,300000,재원
S0294,학생294,고등영어A,280000,재원
S0295,학생295,논술A,200000,퇴원
S0296,학생296,중등영어A,220000,재원
S0297,학생297,논술A,200000,재원
S0298,학생298,고등영어A,280000,재원
S0299,학생299,중등수학A,240000,재원
S0300,학생300,논술A,200000,재원
S0301,학생301,중등수학A,240000,재원
S0302,학생302,고등수학A,300000,재원
S0303,학생303,중등영어A,220000,재원
S0304,학생304,초등수학B,180000,퇴원
S0305,학생305,초등수학B,180000,재원
S0306,학생306,중등수학A,240000,재원
S0307,학생307,고등수학A,300000,재원
S0308,학생308,초등수학A,180000,재원
S0309,학생309,초등수학A,180000,재원
S0310,학생310,고등수학A,300000,재원
S0311,학생311,고등영어A,280000,재원
S0312,학생312,고등영어A,280000,재원
S0313,학생313,논술A,200000,재원
S0314,학생314,중등수학B,240000,재원
S0315,학생315,중등영어A,220000,재원
S0316,학생316,논술A,200000,재원
S0317,학생317,중등수학A,240000,재원
S0318,학생318,중등수학A,240000,재원
S0319,학생319,초등수학B,180000,재원
S0320,학생320,논술A,200000,재원
