backend/test_lifecycle_vocab_2026_10_05.py::test_project_folder_trash_lifecycle_and_requires	open	data/system_docs/inventory.md
backend/test_lifecycle_vocab_2026_10_05.py::test_project_folder_trash_lifecycle_and_requires	open	data/system_docs/changelog.log
backend/test_lifecycle_vocab_2026_10_05.py::test_project_folder_trash_lifecycle_and_requires	open	data/system_docs/changelog.log
backend/test_lifecycle_vocab_2026_10_05.py::test_project_folder_trash_lifecycle_and_requires	open	data/system_docs/inventory.md
backend/test_lifecycle_vocab_2026_10_05.py::test_project_folder_trash_lifecycle_and_requires	open	data/system_docs/inventory.md
backend/test_lifecycle_vocab_2026_10_05.py::test_project_folder_trash_lifecycle_and_requires	open	data/system_docs/changelog.log
backend/test_lifecycle_vocab_2026_10_05.py::test_project_folder_trash_lifecycle_and_requires	open	data/system_docs/inventory.md
backend/test_lifecycle_vocab_2026_10_05.py::test_project_folder_trash_lifecycle_and_requires	open	data/system_docs/changelog.log
backend/test_lifecycle_vocab_2026_10_05.py::test_project_folder_trash_lifecycle_and_requires	open	data/system_docs/changelog.log
backend/test_lifecycle_vocab_2026_10_05.py::test_project_folder_trash_lifecycle_and_requires	open	data/system_docs/inventory.md
